periodode;periodoate;cod_interaguas;tipo_rede;UGRHI;codigo_ponto;status_ponto;data_coleta;hora_coleta;parametro;sinal;valor;unidade;tipo_parametro;sistema_hidrico;tipo_sistema_hidrico;classe;Municipio;uf;inicio_operacao;fim_operacao;Latitude;Longitude;Altitude;Localizacao;Captacao
01/01/1974;28/12/2019;124;Rede Básica;06 - ALTO TIÊTE;TIES04900;Ativo;14/01/2016;10:18;Nitrogênio Total;;23.00;mg/L;3- Químicos;Reservatório Edgard de Souza - TIES;Reservatório (Lêntico);Classe 4;SANTANA DO PARNAIBA;SP;01/01/1976;;23 27 16 ;46 54 36 ;716;Próximo às comportas da barragem do reservatório, após a rede para retenção de aguapés.;N
01/01/1974;28/12/2019;124;Rede Básica;06 - ALTO TIÊTE;TIES04900;Ativo;03/03/2016;10:55;Nitrogênio Total;;6.15;mg/L;3- Químicos;Reservatório Edgard de Souza - TIES;Reservatório (Lêntico);Classe 4;SANTANA DO PARNAIBA;SP;01/01/1976;;23 27 16 ;46 54 36 ;716;Próximo às comportas da barragem do reservatório, após a rede para retenção de aguapés.;N
01/01/1974;28/12/2019;124;Rede Básica;06 - ALTO TIÊTE;TIES04900;Ativo;04/05/2016;11:00;Nitrogênio Total;;26.20;mg/L;3- Químicos;Reservatório Edgard de Souza - TIES;Reservatório (Lêntico);Classe 4;SANTANA DO PARNAIBA;SP;01/01/1976;;23 27 16 ;46 54 36 ;716;Próximo às comportas da barragem do reservatório, após a rede para retenção de aguapés.;N
01/01/1974;28/12/2019;124;Rede Básica;06 - ALTO TIÊTE;TIES04900;Ativo;27/07/2016;10:45;Nitrogênio Total;;38.40;mg/L;3- Químicos;Reservatório Edgard de Souza - TIES;Reservatório (Lêntico);Classe 4;SANTANA DO PARNAIBA;SP;01/01/1976;;23 27 16 ;46 54 36 ;716;Próximo às comportas da barragem do reservatório, após a rede para retenção de aguapés.;N
01/01/1974;28/12/2019;124;Rede Básica;06 - ALTO TIÊTE;TIES04900;Ativo;29/09/2016;11:30;Nitrogênio Total;;32.20;mg/L;3- Químicos;Reservatório Edgard de Souza - TIES;Reservatório (Lêntico);Classe 4;SANTANA DO PARNAIBA;SP;01/01/1976;;23 27 16 ;46 54 36 ;716;Próximo às comportas da barragem do reservatório, após a rede para retenção de aguapés.;N
01/01/1974;28/12/2019;124;Rede Básica;06 - ALTO TIÊTE;TIES04900;Ativo;23/11/2016;11:13;Nitrogênio Total;;21.00;mg/L;3- Químicos;Reservatório Edgard de Souza - TIES;Reservatório (Lêntico);Classe 4;SANTANA DO PARNAIBA;SP;01/01/1976;;23 27 16 ;46 54 36 ;716;Próximo às comportas da barragem do reservatório, após a rede para retenção de aguapés.;N
01/01/1974;28/12/2019;124;Rede Básica;06 - ALTO TIÊTE;TIES04900;Ativo;10/01/2017;09:55;Nitrogênio Total;;11.00;mg/L;3- Químicos;Reservatório Edgard de Souza - TIES;Reservatório (Lêntico);Classe 4;SANTANA DO PARNAIBA;SP;01/01/1976;;23 27 16 ;46 54 36 ;716;Próximo às comportas da barragem do reservatório, após a rede para retenção de aguapés.;N
01/01/1974;28/12/2019;124;Rede Básica;06 - ALTO TIÊTE;TIES04900;Ativo;15/03/2017;14:40;Nitrogênio Total;;18.10;mg/L;3- Químicos;Reservatório Edgard de Souza - TIES;Reservatório (Lêntico);Classe 4;SANTANA DO PARNAIBA;SP;01/01/1976;;23 27 16 ;46 54 36 ;716;Próximo às comportas da barragem do reservatório, após a rede para retenção de aguapés.;N
01/01/1974;28/12/2019;124;Rede Básica;06 - ALTO TIÊTE;TIES04900;Ativo;03/05/2017;10:28;Nitrogênio Total;;21.30;mg/L;3- Químicos;Reservatório Edgard de Souza - TIES;Reservatório (Lêntico);Classe 4;SANTANA DO PARNAIBA;SP;01/01/1976;;23 27 16 ;46 54 36 ;716;Próximo às comportas da barragem do reservatório, após a rede para retenção de aguapés.;N
01/01/1974;28/12/2019;124;Rede Básica;06 - ALTO TIÊTE;TIES04900;Ativo;13/07/2017;10:18;Nitrogênio Total;;28.00;mg/L;3- Químicos;Reservatório Edgard de Souza - TIES;Reservatório (Lêntico);Classe 4;SANTANA DO PARNAIBA;SP;01/01/1976;;23 27 16 ;46 54 36 ;716;Próximo às comportas da barragem do reservatório, após a rede para retenção de aguapés.;N
01/01/1974;28/12/2019;124;Rede Básica;06 - ALTO TIÊTE;TIES04900;Ativo;26/09/2017;10:55;Nitrogênio Total;;34.20;mg/L;3- Químicos;Reservatório Edgard de Souza - TIES;Reservatório (Lêntico);Classe 4;SANTANA DO PARNAIBA;SP;01/01/1976;;23 27 16 ;46 54 36 ;716;Próximo às comportas da barragem do reservatório, após a rede para retenção de aguapés.;N
01/01/1974;28/12/2019;124;Rede Básica;06 - ALTO TIÊTE;TIES04900;Ativo;22/11/2017;10:44;Nitrogênio Total;;9.33;mg/L;3- Químicos;Reservatório Edgard de Souza - TIES;Reservatório (Lêntico);Classe 4;SANTANA DO PARNAIBA;SP;01/01/1976;;23 27 16 ;46 54 36 ;716;Próximo às comportas da barragem do reservatório, após a rede para retenção de aguapés.;N
01/01/1974;28/12/2019;124;Rede Básica;06 - ALTO TIÊTE;TIES04900;Ativo;09/01/2018;10:25;Nitrogênio Total;;10.20;mg/L;3- Químicos;Reservatório Edgard de Souza - TIES;Reservatório (Lêntico);Classe 4;SANTANA DO PARNAIBA;SP;01/01/1976;;23 27 16 ;46 54 36 ;716;Próximo às comportas da barragem do reservatório, após a rede para retenção de aguapés.;N
01/01/1974;28/12/2019;124;Rede Básica;06 - ALTO TIÊTE;TIES04900;Ativo;14/03/2018;10:13;Nitrogênio Total;;12.10;mg/L;3- Químicos;Reservatório Edgard de Souza - TIES;Reservatório (Lêntico);Classe 4;SANTANA DO PARNAIBA;SP;01/01/1976;;23 27 16 ;46 54 36 ;716;Próximo às comportas da barragem do reservatório, após a rede para retenção de aguapés.;N
01/01/1974;28/12/2019;124;Rede Básica;06 - ALTO TIÊTE;TIES04900;Ativo;03/05/2018;10:04;Nitrogênio Total;;27.10;mg/L;3- Químicos;Reservatório Edgard de Souza - TIES;Reservatório (Lêntico);Classe 4;SANTANA DO PARNAIBA;SP;01/01/1976;;23 27 16 ;46 54 36 ;716;Próximo às comportas da barragem do reservatório, após a rede para retenção de aguapés.;N
01/01/1974;28/12/2019;124;Rede Básica;06 - ALTO TIÊTE;TIES04900;Ativo;12/07/2018;10:10;Nitrogênio Total;;34.40;mg/L;3- Químicos;Reservatório Edgard de Souza - TIES;Reservatório (Lêntico);Classe 4;SANTANA DO PARNAIBA;SP;01/01/1976;;23 27 16 ;46 54 36 ;716;Próximo às comportas da barragem do reservatório, após a rede para retenção de aguapés.;N
01/01/1974;28/12/2019;124;Rede Básica;06 - ALTO TIÊTE;TIES04900;Ativo;25/09/2018;12:45;Nitrogênio Total;;28.30;mg/L;3- Químicos;Reservatório Edgard de Souza - TIES;Reservatório (Lêntico);Classe 4;SANTANA DO PARNAIBA;SP;01/01/1976;;23 27 16 ;46 54 36 ;716;Próximo às comportas da barragem do reservatório, após a rede para retenção de aguapés.;N
01/01/1974;28/12/2019;124;Rede Básica;06 - ALTO TIÊTE;TIES04900;Ativo;21/11/2018;13:30;Nitrogênio Total;;16.50;mg/L;3- Químicos;Reservatório Edgard de Souza - TIES;Reservatório (Lêntico);Classe 4;SANTANA DO PARNAIBA;SP;01/01/1976;;23 27 16 ;46 54 36 ;716;Próximo às comportas da barragem do reservatório, após a rede para retenção de aguapés.;N
01/01/1974;28/12/2019;124;Rede Básica;06 - ALTO TIÊTE;TIES04900;Ativo;09/01/2019;11:05;Nitrogênio Total;;8.62;mg/L;3- Químicos;Reservatório Edgard de Souza - TIES;Reservatório (Lêntico);Classe 4;SANTANA DO PARNAIBA;SP;01/01/1976;;23 27 16 ;46 54 36 ;716;Próximo às comportas da barragem do reservatório, após a rede para retenção de aguapés.;N
01/01/1974;28/12/2019;110;Rede Básica;06 - ALTO TIÊTE;TIET02050;Ativo;13/01/2016;11:00;Nitrogênio Total;;0.95;mg/L;3- Químicos;Rio Tietê - TIET;Rio (Lótico);Classe 2;BIRITIBA MIRIM;SP;01/01/1977;;23 33 54 ;46 00 57 ;750;Ponte na SP-088 que liga Mogi das Cruzes a Salesópolis, junto à régua do SAISP, à 800 m da captação da SABESP;N
01/01/1974;28/12/2019;110;Rede Básica;06 - ALTO TIÊTE;TIET02050;Ativo;09/03/2016;10:50;Nitrogênio Total;;1.08;mg/L;3- Químicos;Rio Tietê - TIET;Rio (Lótico);Classe 2;BIRITIBA MIRIM;SP;01/01/1977;;23 33 54 ;46 00 57 ;750;Ponte na SP-088 que liga Mogi das Cruzes a Salesópolis, junto à régua do SAISP, à 800 m da captação da SABESP;N
01/01/1974;28/12/2019;110;Rede Básica;06 - ALTO TIÊTE;TIET02050;Ativo;10/05/2016;13:10;Nitrogênio Total;;0.66;mg/L;3- Químicos;Rio Tietê - TIET;Rio (Lótico);Classe 2;BIRITIBA MIRIM;SP;01/01/1977;;23 33 54 ;46 00 57 ;750;Ponte na SP-088 que liga Mogi das Cruzes a Salesópolis, junto à régua do SAISP, à 800 m da captação da SABESP;N
01/01/1974;28/12/2019;110;Rede Básica;06 - ALTO TIÊTE;TIET02050;Ativo;14/07/2016;11:50;Nitrogênio Total;;0.71;mg/L;3- Químicos;Rio Tietê - TIET;Rio (Lótico);Classe 2;BIRITIBA MIRIM;SP;01/01/1977;;23 33 54 ;46 00 57 ;750;Ponte na SP-088 que liga Mogi das Cruzes a Salesópolis, junto à régua do SAISP, à 800 m da captação da SABESP;N
01/01/1974;28/12/2019;110;Rede Básica;06 - ALTO TIÊTE;TIET02050;Ativo;29/09/2016;11:20;Nitrogênio Total;;0.39;mg/L;3- Químicos;Rio Tietê - TIET;Rio (Lótico);Classe 2;BIRITIBA MIRIM;SP;01/01/1977;;23 33 54 ;46 00 57 ;750;Ponte na SP-088 que liga Mogi das Cruzes a Salesópolis, junto à régua do SAISP, à 800 m da captação da SABESP;N
01/01/1974;28/12/2019;110;Rede Básica;06 - ALTO TIÊTE;TIET02050;Ativo;24/11/2016;12:47;Nitrogênio Total;;0.57;mg/L;3- Químicos;Rio Tietê - TIET;Rio (Lótico);Classe 2;BIRITIBA MIRIM;SP;01/01/1977;;23 33 54 ;46 00 57 ;750;Ponte na SP-088 que liga Mogi das Cruzes a Salesópolis, junto à régua do SAISP, à 800 m da captação da SABESP;N
01/01/1974;28/12/2019;110;Rede Básica;06 - ALTO TIÊTE;TIET02050;Ativo;11/01/2017;12:40;Nitrogênio Total;;1.06;mg/L;3- Químicos;Rio Tietê - TIET;Rio (Lótico);Classe 2;BIRITIBA MIRIM;SP;01/01/1977;;23 33 54 ;46 00 57 ;750;Ponte na SP-088 que liga Mogi das Cruzes a Salesópolis, junto à régua do SAISP, à 800 m da captação da SABESP;N
01/01/1974;28/12/2019;110;Rede Básica;06 - ALTO TIÊTE;TIET02050;Ativo;09/03/2017;10:25;Nitrogênio Total;;0.93;mg/L;3- Químicos;Rio Tietê - TIET;Rio (Lótico);Classe 2;BIRITIBA MIRIM;SP;01/01/1977;;23 33 54 ;46 00 57 ;750;Ponte na SP-088 que liga Mogi das Cruzes a Salesópolis, junto à régua do SAISP, à 800 m da captação da SABESP;N
01/01/1974;28/12/2019;110;Rede Básica;06 - ALTO TIÊTE;TIET02050;Ativo;09/05/2017;12:15;Nitrogênio Total;;0.61;mg/L;3- Químicos;Rio Tietê - TIET;Rio (Lótico);Classe 2;BIRITIBA MIRIM;SP;01/01/1977;;23 33 54 ;46 00 57 ;750;Ponte na SP-088 que liga Mogi das Cruzes a Salesópolis, junto à régua do SAISP, à 800 m da captação da SABESP;N
01/01/1974;28/12/2019;110;Rede Básica;06 - ALTO TIÊTE;TIET02050;Ativo;27/07/2017;12:15;Nitrogênio Total;<;0.50;mg/L;3- Químicos;Rio Tietê - TIET;Rio (Lótico);Classe 2;BIRITIBA MIRIM;SP;01/01/1977;;23 33 54 ;46 00 57 ;750;Ponte na SP-088 que liga Mogi das Cruzes a Salesópolis, junto à régua do SAISP, à 800 m da captação da SABESP;N
01/01/1974;28/12/2019;110;Rede Básica;06 - ALTO TIÊTE;TIET02050;Ativo;14/09/2017;11:40;Nitrogênio Total;;0.66;mg/L;3- Químicos;Rio Tietê - TIET;Rio (Lótico);Classe 2;BIRITIBA MIRIM;SP;01/01/1977;;23 33 54 ;46 00 57 ;750;Ponte na SP-088 que liga Mogi das Cruzes a Salesópolis, junto à régua do SAISP, à 800 m da captação da SABESP;N
01/01/1974;28/12/2019;110;Rede Básica;06 - ALTO TIÊTE;TIET02050;Ativo;23/11/2017;12:35;Nitrogênio Total;;1.05;mg/L;3- Químicos;Rio Tietê - TIET;Rio (Lótico);Classe 2;BIRITIBA MIRIM;SP;01/01/1977;;23 33 54 ;46 00 57 ;750;Ponte na SP-088 que liga Mogi das Cruzes a Salesópolis, junto à régua do SAISP, à 800 m da captação da SABESP;N
01/01/1974;28/12/2019;110;Rede Básica;06 - ALTO TIÊTE;TIET02050;Ativo;10/01/2018;10:48;Nitrogênio Total;;0.96;mg/L;3- Químicos;Rio Tietê - TIET;Rio (Lótico);Classe 2;BIRITIBA MIRIM;SP;01/01/1977;;23 33 54 ;46 00 57 ;750;Ponte na SP-088 que liga Mogi das Cruzes a Salesópolis, junto à régua do SAISP, à 800 m da captação da SABESP;N
01/01/1974;28/12/2019;110;Rede Básica;06 - ALTO TIÊTE;TIET02050;Ativo;08/03/2018;10:35;Nitrogênio Total;;3.10;mg/L;3- Químicos;Rio Tietê - TIET;Rio (Lótico);Classe 2;BIRITIBA MIRIM;SP;01/01/1977;;23 33 54 ;46 00 57 ;750;Ponte na SP-088 que liga Mogi das Cruzes a Salesópolis, junto à régua do SAISP, à 800 m da captação da SABESP;N
01/01/1974;28/12/2019;110;Rede Básica;06 - ALTO TIÊTE;TIET02050;Ativo;24/05/2018;12:44;Nitrogênio Total;;0.43;mg/L;3- Químicos;Rio Tietê - TIET;Rio (Lótico);Classe 2;BIRITIBA MIRIM;SP;01/01/1977;;23 33 54 ;46 00 57 ;750;Ponte na SP-088 que liga Mogi das Cruzes a Salesópolis, junto à régua do SAISP, à 800 m da captação da SABESP;N
01/01/1974;28/12/2019;110;Rede Básica;06 - ALTO TIÊTE;TIET02050;Ativo;11/07/2018;11:10;Nitrogênio Total;;0.64;mg/L;3- Químicos;Rio Tietê - TIET;Rio (Lótico);Classe 2;BIRITIBA MIRIM;SP;01/01/1977;;23 33 54 ;46 00 57 ;750;Ponte na SP-088 que liga Mogi das Cruzes a Salesópolis, junto à régua do SAISP, à 800 m da captação da SABESP;N
01/01/1974;28/12/2019;110;Rede Básica;06 - ALTO TIÊTE;TIET02050;Ativo;13/09/2018;11:50;Nitrogênio Total;;0.55;mg/L;3- Químicos;Rio Tietê - TIET;Rio (Lótico);Classe 2;BIRITIBA MIRIM;SP;01/01/1977;;23 33 54 ;46 00 57 ;750;Ponte na SP-088 que liga Mogi das Cruzes a Salesópolis, junto à régua do SAISP, à 800 m da captação da SABESP;N
01/01/1974;28/12/2019;110;Rede Básica;06 - ALTO TIÊTE;TIET02050;Ativo;29/11/2018;11:50;Nitrogênio Total;;0.98;mg/L;3- Químicos;Rio Tietê - TIET;Rio (Lótico);Classe 2;BIRITIBA MIRIM;SP;01/01/1977;;23 33 54 ;46 00 57 ;750;Ponte na SP-088 que liga Mogi das Cruzes a Salesópolis, junto à régua do SAISP, à 800 m da captação da SABESP;N
01/01/1974;28/12/2019;110;Rede Básica;06 - ALTO TIÊTE;TIET02050;Ativo;09/01/2019;11:50;Nitrogênio Total;;0.96;mg/L;3- Químicos;Rio Tietê - TIET;Rio (Lótico);Classe 2;BIRITIBA MIRIM;SP;01/01/1977;;23 33 54 ;46 00 57 ;750;Ponte na SP-088 que liga Mogi das Cruzes a Salesópolis, junto à régua do SAISP, à 800 m da captação da SABESP;N
01/01/1974;28/12/2019;331;Rede Básica;06 - ALTO TIÊTE;TIET02090;Ativo;13/01/2016;12:30;Nitrogênio Total;;0.65;mg/L;3- Químicos;Rio Tietê - TIET;Rio (Lótico);Classe 2;MOGI DAS CRUZES;SP;01/11/1999;;23 32 55 ;46 08 09 ;735;Na captação principal do município de Mogi das Cruzes - SEMAE - junto a estação EF-01;S
01/01/1974;28/12/2019;331;Rede Básica;06 - ALTO TIÊTE;TIET02090;Ativo;09/03/2016;11:45;Nitrogênio Total;;0.30;mg/L;3- Químicos;Rio Tietê - TIET;Rio (Lótico);Classe 2;MOGI DAS CRUZES;SP;01/11/1999;;23 32 55 ;46 08 09 ;735;Na captação principal do município de Mogi das Cruzes - SEMAE - junto a estação EF-01;S
01/01/1974;28/12/2019;331;Rede Básica;06 - ALTO TIÊTE;TIET02090;Ativo;10/05/2016;11:45;Nitrogênio Total;;1.53;mg/L;3- Químicos;Rio Tietê - TIET;Rio (Lótico);Classe 2;MOGI DAS CRUZES;SP;01/11/1999;;23 32 55 ;46 08 09 ;735;Na captação principal do município de Mogi das Cruzes - SEMAE - junto a estação EF-01;S
01/01/1974;28/12/2019;331;Rede Básica;06 - ALTO TIÊTE;TIET02090;Ativo;14/07/2016;13:20;Nitrogênio Total;;1.15;mg/L;3- Químicos;Rio Tietê - TIET;Rio (Lótico);Classe 2;MOGI DAS CRUZES;SP;01/11/1999;;23 32 55 ;46 08 09 ;735;Na captação principal do município de Mogi das Cruzes - SEMAE - junto a estação EF-01;S
01/01/1974;28/12/2019;331;Rede Básica;06 - ALTO TIÊTE;TIET02090;Ativo;29/09/2016;12:30;Nitrogênio Total;;0.80;mg/L;3- Químicos;Rio Tietê - TIET;Rio (Lótico);Classe 2;MOGI DAS CRUZES;SP;01/11/1999;;23 32 55 ;46 08 09 ;735;Na captação principal do município de Mogi das Cruzes - SEMAE - junto a estação EF-01;S
01/01/1974;28/12/2019;331;Rede Básica;06 - ALTO TIÊTE;TIET02090;Ativo;24/11/2016;11:25;Nitrogênio Total;;0.49;mg/L;3- Químicos;Rio Tietê - TIET;Rio (Lótico);Classe 2;MOGI DAS CRUZES;SP;01/11/1999;;23 32 55 ;46 08 09 ;735;Na captação principal do município de Mogi das Cruzes - SEMAE - junto a estação EF-01;S
01/01/1974;28/12/2019;331;Rede Básica;06 - ALTO TIÊTE;TIET02090;Ativo;11/01/2017;14:26;Nitrogênio Total;;1.80;mg/L;3- Químicos;Rio Tietê - TIET;Rio (Lótico);Classe 2;MOGI DAS CRUZES;SP;01/11/1999;;23 32 55 ;46 08 09 ;735;Na captação principal do município de Mogi das Cruzes - SEMAE - junto a estação EF-01;S
01/01/1974;28/12/2019;331;Rede Básica;06 - ALTO TIÊTE;TIET02090;Ativo;09/03/2017;11:25;Nitrogênio Total;;1.57;mg/L;3- Químicos;Rio Tietê - TIET;Rio (Lótico);Classe 2;MOGI DAS CRUZES;SP;01/11/1999;;23 32 55 ;46 08 09 ;735;Na captação principal do município de Mogi das Cruzes - SEMAE - junto a estação EF-01;S
01/01/1974;28/12/2019;331;Rede Básica;06 - ALTO TIÊTE;TIET02090;Ativo;09/05/2017;10:45;Nitrogênio Total;;0.83;mg/L;3- Químicos;Rio Tietê - TIET;Rio (Lótico);Classe 2;MOGI DAS CRUZES;SP;01/11/1999;;23 32 55 ;46 08 09 ;735;Na captação principal do município de Mogi das Cruzes - SEMAE - junto a estação EF-01;S
01/01/1974;28/12/2019;331;Rede Básica;06 - ALTO TIÊTE;TIET02090;Ativo;27/07/2017;10:20;Nitrogênio Total;<;0.50;mg/L;3- Químicos;Rio Tietê - TIET;Rio (Lótico);Classe 2;MOGI DAS CRUZES;SP;01/11/1999;;23 32 55 ;46 08 09 ;735;Na captação principal do município de Mogi das Cruzes - SEMAE - junto a estação EF-01;S
01/01/1974;28/12/2019;331;Rede Básica;06 - ALTO TIÊTE;TIET02090;Ativo;14/09/2017;13:10;Nitrogênio Total;;0.73;mg/L;3- Químicos;Rio Tietê - TIET;Rio (Lótico);Classe 2;MOGI DAS CRUZES;SP;01/11/1999;;23 32 55 ;46 08 09 ;735;Na captação principal do município de Mogi das Cruzes - SEMAE - junto a estação EF-01;S
01/01/1974;28/12/2019;331;Rede Básica;06 - ALTO TIÊTE;TIET02090;Ativo;23/11/2017;11:10;Nitrogênio Total;;1.03;mg/L;3- Químicos;Rio Tietê - TIET;Rio (Lótico);Classe 2;MOGI DAS CRUZES;SP;01/11/1999;;23 32 55 ;46 08 09 ;735;Na captação principal do município de Mogi das Cruzes - SEMAE - junto a estação EF-01;S
01/01/1974;28/12/2019;331;Rede Básica;06 - ALTO TIÊTE;TIET02090;Ativo;10/01/2018;12:33;Nitrogênio Total;;1.07;mg/L;3- Químicos;Rio Tietê - TIET;Rio (Lótico);Classe 2;MOGI DAS CRUZES;SP;01/11/1999;;23 32 55 ;46 08 09 ;735;Na captação principal do município de Mogi das Cruzes - SEMAE - junto a estação EF-01;S
01/01/1974;28/12/2019;331;Rede Básica;06 - ALTO TIÊTE;TIET02090;Ativo;08/03/2018;09:45;Nitrogênio Total;;4.99;mg/L;3- Químicos;Rio Tietê - TIET;Rio (Lótico);Classe 2;MOGI DAS CRUZES;SP;01/11/1999;;23 32 55 ;46 08 09 ;735;Na captação principal do município de Mogi das Cruzes - SEMAE - junto a estação EF-01;S
01/01/1974;28/12/2019;331;Rede Básica;06 - ALTO TIÊTE;TIET02090;Ativo;24/05/2018;11:09;Nitrogênio Total;;0.74;mg/L;3- Químicos;Rio Tietê - TIET;Rio (Lótico);Classe 2;MOGI DAS CRUZES;SP;01/11/1999;;23 32 55 ;46 08 09 ;735;Na captação principal do município de Mogi das Cruzes - SEMAE - junto a estação EF-01;S
01/01/1974;28/12/2019;331;Rede Básica;06 - ALTO TIÊTE;TIET02090;Ativo;11/07/2018;10:00;Nitrogênio Total;;0.99;mg/L;3- Químicos;Rio Tietê - TIET;Rio (Lótico);Classe 2;MOGI DAS CRUZES;SP;01/11/1999;;23 32 55 ;46 08 09 ;735;Na captação principal do município de Mogi das Cruzes - SEMAE - junto a estação EF-01;S
01/01/1974;28/12/2019;331;Rede Básica;06 - ALTO TIÊTE;TIET02090;Ativo;13/09/2018;11:05;Nitrogênio Total;;0.55;mg/L;3- Químicos;Rio Tietê - TIET;Rio (Lótico);Classe 2;MOGI DAS CRUZES;SP;01/11/1999;;23 32 55 ;46 08 09 ;735;Na captação principal do município de Mogi das Cruzes - SEMAE - junto a estação EF-01;S
01/01/1974;28/12/2019;331;Rede Básica;06 - ALTO TIÊTE;TIET02090;Ativo;29/11/2018;10:50;Nitrogênio Total;;0.56;mg/L;3- Químicos;Rio Tietê - TIET;Rio (Lótico);Classe 2;MOGI DAS CRUZES;SP;01/11/1999;;23 32 55 ;46 08 09 ;735;Na captação principal do município de Mogi das Cruzes - SEMAE - junto a estação EF-01;S
01/01/1974;28/12/2019;331;Rede Básica;06 - ALTO TIÊTE;TIET02090;Ativo;09/01/2019;10:50;Nitrogênio Total;;1.20;mg/L;3- Químicos;Rio Tietê - TIET;Rio (Lótico);Classe 2;MOGI DAS CRUZES;SP;01/11/1999;;23 32 55 ;46 08 09 ;735;Na captação principal do município de Mogi das Cruzes - SEMAE - junto a estação EF-01;S
01/01/1974;28/12/2019;177;Rede Básica;10 - SOROCABA/MEDIO TIETE;TIET02350;Ativo;12/12/2017;11:52;Nitrogênio Total;;15.20;mg/L;3- Químicos;Rio Tietê - TIET;Rio (Lótico);Classe 2;SALTO;SP;01/01/1978;;23 12 13 ;47 18 07 ;508;"Ponte na Rua Estado de S. Paulo, junto ao medidor de nível, em Salto.
";N
01/01/1974;28/12/2019;151;Rede Básica;10 - SOROCABA/MEDIO TIETE;TIET02400;Ativo;06/01/2016;13:25;Nitrogênio Total;;5.62;mg/L;3- Químicos;Rio Tietê - TIET;Rio (Lótico);Classe 2;TIETE;SP;01/01/1977;;23 05 12 ;47 40 41 ;474;Ponte na rodovia SP-113, que liga Tietê a Capivari, em Tietê.;N
01/01/1974;28/12/2019;151;Rede Básica;10 - SOROCABA/MEDIO TIETE;TIET02400;Ativo;03/03/2016;13:10;Nitrogênio Total;;6.03;mg/L;3- Químicos;Rio Tietê - TIET;Rio (Lótico);Classe 2;TIETE;SP;01/01/1977;;23 05 12 ;47 40 41 ;474;Ponte na rodovia SP-113, que liga Tietê a Capivari, em Tietê.;N
01/01/1974;28/12/2019;151;Rede Básica;10 - SOROCABA/MEDIO TIETE;TIET02400;Ativo;05/05/2016;13:25;Nitrogênio Total;;20.00;mg/L;3- Químicos;Rio Tietê - TIET;Rio (Lótico);Classe 2;TIETE;SP;01/01/1977;;23 05 12 ;47 40 41 ;474;Ponte na rodovia SP-113, que liga Tietê a Capivari, em Tietê.;N
01/01/1974;28/12/2019;151;Rede Básica;10 - SOROCABA/MEDIO TIETE;TIET02400;Ativo;07/07/2016;13:15;Nitrogênio Total;;21.20;mg/L;3- Químicos;Rio Tietê - TIET;Rio (Lótico);Classe 2;TIETE;SP;01/01/1977;;23 05 12 ;47 40 41 ;474;Ponte na rodovia SP-113, que liga Tietê a Capivari, em Tietê.;N
01/01/1974;28/12/2019;151;Rede Básica;10 - SOROCABA/MEDIO TIETE;TIET02400;Ativo;14/09/2016;13:10;Nitrogênio Total;;20.10;mg/L;3- Químicos;Rio Tietê - TIET;Rio (Lótico);Classe 2;TIETE;SP;01/01/1977;;23 05 12 ;47 40 41 ;474;Ponte na rodovia SP-113, que liga Tietê a Capivari, em Tietê.;N
01/01/1974;28/12/2019;151;Rede Básica;10 - SOROCABA/MEDIO TIETE;TIET02400;Ativo;16/11/2016;13:00;Nitrogênio Total;;13.10;mg/L;3- Químicos;Rio Tietê - TIET;Rio (Lótico);Classe 2;TIETE;SP;01/01/1977;;23 05 12 ;47 40 41 ;474;Ponte na rodovia SP-113, que liga Tietê a Capivari, em Tietê.;N
01/01/1974;28/12/2019;151;Rede Básica;10 - SOROCABA/MEDIO TIETE;TIET02400;Ativo;03/01/2017;11:55;Nitrogênio Total;;16.30;mg/L;3- Químicos;Rio Tietê - TIET;Rio (Lótico);Classe 2;TIETE;SP;01/01/1977;;23 05 12 ;47 40 41 ;474;Ponte na rodovia SP-113, que liga Tietê a Capivari, em Tietê.;N
01/01/1974;28/12/2019;151;Rede Básica;10 - SOROCABA/MEDIO TIETE;TIET02400;Ativo;14/09/2017;11:20;Nitrogênio Total;;27.30;mg/L;3- Químicos;Rio Tietê - TIET;Rio (Lótico);Classe 2;TIETE;SP;01/01/1977;;23 05 12 ;47 40 41 ;474;Ponte na rodovia SP-113, que liga Tietê a Capivari, em Tietê.;N
01/01/1974;28/12/2019;151;Rede Básica;10 - SOROCABA/MEDIO TIETE;TIET02400;Ativo;16/11/2017;11:55;Nitrogênio Total;;10.80;mg/L;3- Químicos;Rio Tietê - TIET;Rio (Lótico);Classe 2;TIETE;SP;01/01/1977;;23 05 12 ;47 40 41 ;474;Ponte na rodovia SP-113, que liga Tietê a Capivari, em Tietê.;N
01/01/1974;28/12/2019;151;Rede Básica;10 - SOROCABA/MEDIO TIETE;TIET02400;Ativo;11/01/2018;13:05;Nitrogênio Total;;8.71;mg/L;3- Químicos;Rio Tietê - TIET;Rio (Lótico);Classe 2;TIETE;SP;01/01/1977;;23 05 12 ;47 40 41 ;474;Ponte na rodovia SP-113, que liga Tietê a Capivari, em Tietê.;N
01/01/1974;28/12/2019;151;Rede Básica;10 - SOROCABA/MEDIO TIETE;TIET02400;Ativo;06/03/2018;12:30;Nitrogênio Total;;16.40;mg/L;3- Químicos;Rio Tietê - TIET;Rio (Lótico);Classe 2;TIETE;SP;01/01/1977;;23 05 12 ;47 40 41 ;474;Ponte na rodovia SP-113, que liga Tietê a Capivari, em Tietê.;N
01/01/1974;28/12/2019;151;Rede Básica;10 - SOROCABA/MEDIO TIETE;TIET02400;Ativo;03/05/2018;13:40;Nitrogênio Total;;22.20;mg/L;3- Químicos;Rio Tietê - TIET;Rio (Lótico);Classe 2;TIETE;SP;01/01/1977;;23 05 12 ;47 40 41 ;474;Ponte na rodovia SP-113, que liga Tietê a Capivari, em Tietê.;N
01/01/1974;28/12/2019;151;Rede Básica;10 - SOROCABA/MEDIO TIETE;TIET02400;Ativo;12/07/2018;12:35;Nitrogênio Total;;32.30;mg/L;3- Químicos;Rio Tietê - TIET;Rio (Lótico);Classe 2;TIETE;SP;01/01/1977;;23 05 12 ;47 40 41 ;474;Ponte na rodovia SP-113, que liga Tietê a Capivari, em Tietê.;N
01/01/1974;28/12/2019;151;Rede Básica;10 - SOROCABA/MEDIO TIETE;TIET02400;Ativo;18/09/2018;11:35;Nitrogênio Total;;21.40;mg/L;3- Químicos;Rio Tietê - TIET;Rio (Lótico);Classe 2;TIETE;SP;01/01/1977;;23 05 12 ;47 40 41 ;474;Ponte na rodovia SP-113, que liga Tietê a Capivari, em Tietê.;N
01/01/1974;28/12/2019;151;Rede Básica;10 - SOROCABA/MEDIO TIETE;TIET02400;Ativo;22/11/2018;12:00;Nitrogênio Total;;20.50;mg/L;3- Químicos;Rio Tietê - TIET;Rio (Lótico);Classe 2;TIETE;SP;01/01/1977;;23 05 12 ;47 40 41 ;474;Ponte na rodovia SP-113, que liga Tietê a Capivari, em Tietê.;N
01/01/1974;28/12/2019;151;Rede Básica;10 - SOROCABA/MEDIO TIETE;TIET02400;Ativo;10/01/2019;11:38;Nitrogênio Total;;9.55;mg/L;3- Químicos;Rio Tietê - TIET;Rio (Lótico);Classe 2;TIETE;SP;01/01/1977;;23 05 12 ;47 40 41 ;474;Ponte na rodovia SP-113, que liga Tietê a Capivari, em Tietê.;N
01/01/1974;28/12/2019;152;Rede Básica;10 - SOROCABA/MEDIO TIETE;TIET02450;Ativo;06/01/2016;11:15;Nitrogênio Total;;2.57;mg/L;3- Químicos;Rio Tietê - TIET;Rio (Lótico);Classe 2;LARANJAL PAULISTA;SP;01/01/1993;;22 57 25 ;47 49 23 ;460;Ponte na estrada para a fazenda Santo Olegário, em Laranjal Paulista.;N
01/01/1974;28/12/2019;152;Rede Básica;10 - SOROCABA/MEDIO TIETE;TIET02450;Ativo;03/03/2016;11:00;Nitrogênio Total;;5.07;mg/L;3- Químicos;Rio Tietê - TIET;Rio (Lótico);Classe 2;LARANJAL PAULISTA;SP;01/01/1993;;22 57 25 ;47 49 23 ;460;Ponte na estrada para a fazenda Santo Olegário, em Laranjal Paulista.;N
01/01/1974;28/12/2019;152;Rede Básica;10 - SOROCABA/MEDIO TIETE;TIET02450;Ativo;05/05/2016;11:20;Nitrogênio Total;;12.40;mg/L;3- Químicos;Rio Tietê - TIET;Rio (Lótico);Classe 2;LARANJAL PAULISTA;SP;01/01/1993;;22 57 25 ;47 49 23 ;460;Ponte na estrada para a fazenda Santo Olegário, em Laranjal Paulista.;N
01/01/1974;28/12/2019;152;Rede Básica;10 - SOROCABA/MEDIO TIETE;TIET02450;Ativo;07/07/2016;10:40;Nitrogênio Total;;14.50;mg/L;3- Químicos;Rio Tietê - TIET;Rio (Lótico);Classe 2;LARANJAL PAULISTA;SP;01/01/1993;;22 57 25 ;47 49 23 ;460;Ponte na estrada para a fazenda Santo Olegário, em Laranjal Paulista.;N
01/01/1974;28/12/2019;152;Rede Básica;10 - SOROCABA/MEDIO TIETE;TIET02450;Ativo;14/09/2016;11:05;Nitrogênio Total;;14.40;mg/L;3- Químicos;Rio Tietê - TIET;Rio (Lótico);Classe 2;LARANJAL PAULISTA;SP;01/01/1993;;22 57 25 ;47 49 23 ;460;Ponte na estrada para a fazenda Santo Olegário, em Laranjal Paulista.;N
01/01/1974;28/12/2019;152;Rede Básica;10 - SOROCABA/MEDIO TIETE;TIET02450;Ativo;16/11/2016;10:50;Nitrogênio Total;;9.44;mg/L;3- Químicos;Rio Tietê - TIET;Rio (Lótico);Classe 2;LARANJAL PAULISTA;SP;01/01/1993;;22 57 25 ;47 49 23 ;460;Ponte na estrada para a fazenda Santo Olegário, em Laranjal Paulista.;N
01/01/1974;28/12/2019;152;Rede Básica;10 - SOROCABA/MEDIO TIETE;TIET02450;Ativo;03/01/2017;12:15;Nitrogênio Total;;11.60;mg/L;3- Químicos;Rio Tietê - TIET;Rio (Lótico);Classe 2;LARANJAL PAULISTA;SP;01/01/1993;;22 57 25 ;47 49 23 ;460;Ponte na estrada para a fazenda Santo Olegário, em Laranjal Paulista.;N
01/01/1974;28/12/2019;152;Rede Básica;10 - SOROCABA/MEDIO TIETE;TIET02450;Ativo;12/09/2017;12:00;Nitrogênio Total;;34.40;mg/L;3- Químicos;Rio Tietê - TIET;Rio (Lótico);Classe 2;LARANJAL PAULISTA;SP;01/01/1993;;22 57 25 ;47 49 23 ;460;Ponte na estrada para a fazenda Santo Olegário, em Laranjal Paulista.;N
01/01/1974;28/12/2019;152;Rede Básica;10 - SOROCABA/MEDIO TIETE;TIET02450;Ativo;16/11/2017;11:50;Nitrogênio Total;;11.50;mg/L;3- Químicos;Rio Tietê - TIET;Rio (Lótico);Classe 2;LARANJAL PAULISTA;SP;01/01/1993;;22 57 25 ;47 49 23 ;460;Ponte na estrada para a fazenda Santo Olegário, em Laranjal Paulista.;N
01/01/1974;28/12/2019;152;Rede Básica;10 - SOROCABA/MEDIO TIETE;TIET02450;Ativo;04/01/2018;14:00;Nitrogênio Total;;5.11;mg/L;3- Químicos;Rio Tietê - TIET;Rio (Lótico);Classe 2;LARANJAL PAULISTA;SP;01/01/1993;;22 57 25 ;47 49 23 ;460;Ponte na estrada para a fazenda Santo Olegário, em Laranjal Paulista.;N
01/01/1974;28/12/2019;152;Rede Básica;10 - SOROCABA/MEDIO TIETE;TIET02450;Ativo;06/03/2018;12:15;Nitrogênio Total;;9.68;mg/L;3- Químicos;Rio Tietê - TIET;Rio (Lótico);Classe 2;LARANJAL PAULISTA;SP;01/01/1993;;22 57 25 ;47 49 23 ;460;Ponte na estrada para a fazenda Santo Olegário, em Laranjal Paulista.;N
01/01/1974;28/12/2019;152;Rede Básica;10 - SOROCABA/MEDIO TIETE;TIET02450;Ativo;03/05/2018;11:15;Nitrogênio Total;;17.10;mg/L;3- Químicos;Rio Tietê - TIET;Rio (Lótico);Classe 2;LARANJAL PAULISTA;SP;01/01/1993;;22 57 25 ;47 49 23 ;460;Ponte na estrada para a fazenda Santo Olegário, em Laranjal Paulista.;N
01/01/1974;28/12/2019;152;Rede Básica;10 - SOROCABA/MEDIO TIETE;TIET02450;Ativo;12/07/2018;14:10;Nitrogênio Total;;25.50;mg/L;3- Químicos;Rio Tietê - TIET;Rio (Lótico);Classe 2;LARANJAL PAULISTA;SP;01/01/1993;;22 57 25 ;47 49 23 ;460;Ponte na estrada para a fazenda Santo Olegário, em Laranjal Paulista.;N
01/01/1974;28/12/2019;152;Rede Básica;10 - SOROCABA/MEDIO TIETE;TIET02450;Ativo;18/09/2018;11:00;Nitrogênio Total;;20.90;mg/L;3- Químicos;Rio Tietê - TIET;Rio (Lótico);Classe 2;LARANJAL PAULISTA;SP;01/01/1993;;22 57 25 ;47 49 23 ;460;Ponte na estrada para a fazenda Santo Olegário, em Laranjal Paulista.;N
01/01/1974;28/12/2019;152;Rede Básica;10 - SOROCABA/MEDIO TIETE;TIET02450;Ativo;22/11/2018;14:40;Nitrogênio Total;;21.60;mg/L;3- Químicos;Rio Tietê - TIET;Rio (Lótico);Classe 2;LARANJAL PAULISTA;SP;01/01/1993;;22 57 25 ;47 49 23 ;460;Ponte na estrada para a fazenda Santo Olegário, em Laranjal Paulista.;N
01/01/1974;28/12/2019;152;Rede Básica;10 - SOROCABA/MEDIO TIETE;TIET02450;Ativo;10/01/2019;14:20;Nitrogênio Total;;6.41;mg/L;3- Químicos;Rio Tietê - TIET;Rio (Lótico);Classe 2;LARANJAL PAULISTA;SP;01/01/1993;;22 57 25 ;47 49 23 ;460;Ponte na estrada para a fazenda Santo Olegário, em Laranjal Paulista.;N
01/01/1974;28/12/2019;352;Rede Básica;06 - ALTO TIÊTE;TIET03120;Ativo;13/01/2016;11:47;Nitrogênio Total;;2.49;mg/L;3- Químicos;Rio Tietê - TIET;Rio (Lótico);Classe 3;SUZANO;SP;01/01/2001;;23 30 11 ;46 20 13 ;735;A jusante da ETE de Suzano.;N
01/01/1974;28/12/2019;352;Rede Básica;06 - ALTO TIÊTE;TIET03120;Ativo;09/03/2016;13:25;Nitrogênio Total;;2.39;mg/L;3- Químicos;Rio Tietê - TIET;Rio (Lótico);Classe 3;SUZANO;SP;01/01/2001;;23 30 11 ;46 20 13 ;735;A jusante da ETE de Suzano.;N
01/01/1974;28/12/2019;352;Rede Básica;06 - ALTO TIÊTE;TIET03120;Ativo;10/05/2016;12:09;Nitrogênio Total;;20.30;mg/L;3- Químicos;Rio Tietê - TIET;Rio (Lótico);Classe 3;SUZANO;SP;01/01/2001;;23 30 11 ;46 20 13 ;735;A jusante da ETE de Suzano.;N
01/01/1974;28/12/2019;352;Rede Básica;06 - ALTO TIÊTE;TIET03120;Ativo;20/07/2016;11:20;Nitrogênio Total;;14.40;mg/L;3- Químicos;Rio Tietê - TIET;Rio (Lótico);Classe 3;SUZANO;SP;01/01/2001;;23 30 11 ;46 20 13 ;735;A jusante da ETE de Suzano.;N
01/01/1974;28/12/2019;352;Rede Básica;06 - ALTO TIÊTE;TIET03120;Ativo;29/09/2016;13:00;Nitrogênio Total;;17.00;mg/L;3- Químicos;Rio Tietê - TIET;Rio (Lótico);Classe 3;SUZANO;SP;01/01/2001;;23 30 11 ;46 20 13 ;735;A jusante da ETE de Suzano.;N
01/01/1974;28/12/2019;352;Rede Básica;06 - ALTO TIÊTE;TIET03120;Ativo;24/11/2016;12:25;Nitrogênio Total;;10.40;mg/L;3- Químicos;Rio Tietê - TIET;Rio (Lótico);Classe 3;SUZANO;SP;01/01/2001;;23 30 11 ;46 20 13 ;735;A jusante da ETE de Suzano.;N
01/01/1974;28/12/2019;352;Rede Básica;06 - ALTO TIÊTE;TIET03120;Ativo;11/01/2017;12:45;Nitrogênio Total;;3.83;mg/L;3- Químicos;Rio Tietê - TIET;Rio (Lótico);Classe 3;SUZANO;SP;01/01/2001;;23 30 11 ;46 20 13 ;735;A jusante da ETE de Suzano.;N
01/01/1974;28/12/2019;352;Rede Básica;06 - ALTO TIÊTE;TIET03120;Ativo;09/03/2017;09:58;Nitrogênio Total;;3.14;mg/L;3- Químicos;Rio Tietê - TIET;Rio (Lótico);Classe 3;SUZANO;SP;01/01/2001;;23 30 11 ;46 20 13 ;735;A jusante da ETE de Suzano.;N
01/01/1974;28/12/2019;352;Rede Básica;06 - ALTO TIÊTE;TIET03120;Ativo;09/05/2017;11:41;Nitrogênio Total;;10.40;mg/L;3- Químicos;Rio Tietê - TIET;Rio (Lótico);Classe 3;SUZANO;SP;01/01/2001;;23 30 11 ;46 20 13 ;735;A jusante da ETE de Suzano.;N
01/01/1974;28/12/2019;352;Rede Básica;06 - ALTO TIÊTE;TIET03120;Ativo;19/07/2017;12:45;Nitrogênio Total;;33.70;mg/L;3- Químicos;Rio Tietê - TIET;Rio (Lótico);Classe 3;SUZANO;SP;01/01/2001;;23 30 11 ;46 20 13 ;735;A jusante da ETE de Suzano.;N
01/01/1974;28/12/2019;352;Rede Básica;06 - ALTO TIÊTE;TIET03120;Ativo;14/09/2017;13:20;Nitrogênio Total;;16.30;mg/L;3- Químicos;Rio Tietê - TIET;Rio (Lótico);Classe 3;SUZANO;SP;01/01/2001;;23 30 11 ;46 20 13 ;735;A jusante da ETE de Suzano.;N
01/01/1974;28/12/2019;352;Rede Básica;06 - ALTO TIÊTE;TIET03120;Ativo;23/11/2017;14:04;Nitrogênio Total;;3.04;mg/L;3- Químicos;Rio Tietê - TIET;Rio (Lótico);Classe 3;SUZANO;SP;01/01/2001;;23 30 11 ;46 20 13 ;735;A jusante da ETE de Suzano.;N
01/01/1974;28/12/2019;352;Rede Básica;06 - ALTO TIÊTE;TIET03120;Ativo;10/01/2018;12:55;Nitrogênio Total;;6.24;mg/L;3- Químicos;Rio Tietê - TIET;Rio (Lótico);Classe 3;SUZANO;SP;01/01/2001;;23 30 11 ;46 20 13 ;735;A jusante da ETE de Suzano.;N
01/01/1974;28/12/2019;352;Rede Básica;06 - ALTO TIÊTE;TIET03120;Ativo;08/03/2018;13:42;Nitrogênio Total;;8.53;mg/L;3- Químicos;Rio Tietê - TIET;Rio (Lótico);Classe 3;SUZANO;SP;01/01/2001;;23 30 11 ;46 20 13 ;735;A jusante da ETE de Suzano.;N
01/01/1974;28/12/2019;352;Rede Básica;06 - ALTO TIÊTE;TIET03120;Ativo;23/05/2018;15:00;Nitrogênio Total;;10.70;mg/L;3- Químicos;Rio Tietê - TIET;Rio (Lótico);Classe 3;SUZANO;SP;01/01/2001;;23 30 11 ;46 20 13 ;735;A jusante da ETE de Suzano.;N
01/01/1974;28/12/2019;352;Rede Básica;06 - ALTO TIÊTE;TIET03120;Ativo;19/07/2018;13:59;Nitrogênio Total;;20.20;mg/L;3- Químicos;Rio Tietê - TIET;Rio (Lótico);Classe 3;SUZANO;SP;01/01/2001;;23 30 11 ;46 20 13 ;735;A jusante da ETE de Suzano.;N
01/01/1974;28/12/2019;352;Rede Básica;06 - ALTO TIÊTE;TIET03120;Ativo;13/09/2018;13:00;Nitrogênio Total;;18.00;mg/L;3- Químicos;Rio Tietê - TIET;Rio (Lótico);Classe 3;SUZANO;SP;01/01/2001;;23 30 11 ;46 20 13 ;735;A jusante da ETE de Suzano.;N
01/01/1974;28/12/2019;352;Rede Básica;06 - ALTO TIÊTE;TIET03120;Ativo;22/11/2018;12:16;Nitrogênio Total;;11.10;mg/L;3- Químicos;Rio Tietê - TIET;Rio (Lótico);Classe 3;SUZANO;SP;01/01/2001;;23 30 11 ;46 20 13 ;735;A jusante da ETE de Suzano.;N
01/01/1974;28/12/2019;352;Rede Básica;06 - ALTO TIÊTE;TIET03120;Ativo;09/01/2019;11:00;Nitrogênio Total;;3.21;mg/L;3- Químicos;Rio Tietê - TIET;Rio (Lótico);Classe 3;SUZANO;SP;01/01/2001;;23 30 11 ;46 20 13 ;735;A jusante da ETE de Suzano.;N
01/01/1974;28/12/2019;2191;Rede Básica;06 - ALTO TIÊTE;TIET03130;Ativo;13/01/2016;11:10;Nitrogênio Total;;3.40;mg/L;3- Químicos;Rio Tietê - TIET;Rio (Lótico);Classe 3;ITAQUAQUECETUBA;SP;01/01/2012;;23 28 19 ;46 20 50 ;739;Ponte na Estrada de Santa Isabel, na entrada de Itaquaquecetuba.;N
01/01/1974;28/12/2019;2191;Rede Básica;06 - ALTO TIÊTE;TIET03130;Ativo;09/03/2016;11:58;Nitrogênio Total;;2.73;mg/L;3- Químicos;Rio Tietê - TIET;Rio (Lótico);Classe 3;ITAQUAQUECETUBA;SP;01/01/2012;;23 28 19 ;46 20 50 ;739;Ponte na Estrada de Santa Isabel, na entrada de Itaquaquecetuba.;N
01/01/1974;28/12/2019;2191;Rede Básica;06 - ALTO TIÊTE;TIET03130;Ativo;10/05/2016;11:17;Nitrogênio Total;;18.20;mg/L;3- Químicos;Rio Tietê - TIET;Rio (Lótico);Classe 3;ITAQUAQUECETUBA;SP;01/01/2012;;23 28 19 ;46 20 50 ;739;Ponte na Estrada de Santa Isabel, na entrada de Itaquaquecetuba.;N
01/01/1974;28/12/2019;2191;Rede Básica;06 - ALTO TIÊTE;TIET03130;Ativo;20/07/2016;10:55;Nitrogênio Total;;12.20;mg/L;3- Químicos;Rio Tietê - TIET;Rio (Lótico);Classe 3;ITAQUAQUECETUBA;SP;01/01/2012;;23 28 19 ;46 20 50 ;739;Ponte na Estrada de Santa Isabel, na entrada de Itaquaquecetuba.;N
01/01/1974;28/12/2019;2191;Rede Básica;06 - ALTO TIÊTE;TIET03130;Ativo;29/09/2016;11:50;Nitrogênio Total;;17.10;mg/L;3- Químicos;Rio Tietê - TIET;Rio (Lótico);Classe 3;ITAQUAQUECETUBA;SP;01/01/2012;;23 28 19 ;46 20 50 ;739;Ponte na Estrada de Santa Isabel, na entrada de Itaquaquecetuba.;N
01/01/1974;28/12/2019;2191;Rede Básica;06 - ALTO TIÊTE;TIET03130;Ativo;24/11/2016;11:40;Nitrogênio Total;;9.84;mg/L;3- Químicos;Rio Tietê - TIET;Rio (Lótico);Classe 3;ITAQUAQUECETUBA;SP;01/01/2012;;23 28 19 ;46 20 50 ;739;Ponte na Estrada de Santa Isabel, na entrada de Itaquaquecetuba.;N
01/01/1974;28/12/2019;2191;Rede Básica;06 - ALTO TIÊTE;TIET03130;Ativo;11/01/2017;12:00;Nitrogênio Total;;4.76;mg/L;3- Químicos;Rio Tietê - TIET;Rio (Lótico);Classe 3;ITAQUAQUECETUBA;SP;01/01/2012;;23 28 19 ;46 20 50 ;739;Ponte na Estrada de Santa Isabel, na entrada de Itaquaquecetuba.;N
01/01/1974;28/12/2019;2191;Rede Básica;06 - ALTO TIÊTE;TIET03130;Ativo;09/03/2017;09:24;Nitrogênio Total;;4.65;mg/L;3- Químicos;Rio Tietê - TIET;Rio (Lótico);Classe 3;ITAQUAQUECETUBA;SP;01/01/2012;;23 28 19 ;46 20 50 ;739;Ponte na Estrada de Santa Isabel, na entrada de Itaquaquecetuba.;N
01/01/1974;28/12/2019;2191;Rede Básica;06 - ALTO TIÊTE;TIET03130;Ativo;09/05/2017;10:55;Nitrogênio Total;;9.20;mg/L;3- Químicos;Rio Tietê - TIET;Rio (Lótico);Classe 3;ITAQUAQUECETUBA;SP;01/01/2012;;23 28 19 ;46 20 50 ;739;Ponte na Estrada de Santa Isabel, na entrada de Itaquaquecetuba.;N
01/01/1974;28/12/2019;2191;Rede Básica;06 - ALTO TIÊTE;TIET03130;Ativo;19/07/2017;12:00;Nitrogênio Total;;12.10;mg/L;3- Químicos;Rio Tietê - TIET;Rio (Lótico);Classe 3;ITAQUAQUECETUBA;SP;01/01/2012;;23 28 19 ;46 20 50 ;739;Ponte na Estrada de Santa Isabel, na entrada de Itaquaquecetuba.;N
01/01/1974;28/12/2019;2191;Rede Básica;06 - ALTO TIÊTE;TIET03130;Ativo;14/09/2017;12:33;Nitrogênio Total;;17.40;mg/L;3- Químicos;Rio Tietê - TIET;Rio (Lótico);Classe 3;ITAQUAQUECETUBA;SP;01/01/2012;;23 28 19 ;46 20 50 ;739;Ponte na Estrada de Santa Isabel, na entrada de Itaquaquecetuba.;N
01/01/1974;28/12/2019;2191;Rede Básica;06 - ALTO TIÊTE;TIET03130;Ativo;23/11/2017;13:25;Nitrogênio Total;;4.91;mg/L;3- Químicos;Rio Tietê - TIET;Rio (Lótico);Classe 3;ITAQUAQUECETUBA;SP;01/01/2012;;23 28 19 ;46 20 50 ;739;Ponte na Estrada de Santa Isabel, na entrada de Itaquaquecetuba.;N
01/01/1974;28/12/2019;2191;Rede Básica;06 - ALTO TIÊTE;TIET03130;Ativo;10/01/2018;12:00;Nitrogênio Total;;7.97;mg/L;3- Químicos;Rio Tietê - TIET;Rio (Lótico);Classe 3;ITAQUAQUECETUBA;SP;01/01/2012;;23 28 19 ;46 20 50 ;739;Ponte na Estrada de Santa Isabel, na entrada de Itaquaquecetuba.;N
01/01/1974;28/12/2019;2191;Rede Básica;06 - ALTO TIÊTE;TIET03130;Ativo;08/03/2018;13:10;Nitrogênio Total;;7.57;mg/L;3- Químicos;Rio Tietê - TIET;Rio (Lótico);Classe 3;ITAQUAQUECETUBA;SP;01/01/2012;;23 28 19 ;46 20 50 ;739;Ponte na Estrada de Santa Isabel, na entrada de Itaquaquecetuba.;N
01/01/1974;28/12/2019;2191;Rede Básica;06 - ALTO TIÊTE;TIET03130;Ativo;23/05/2018;12:51;Nitrogênio Total;;11.30;mg/L;3- Químicos;Rio Tietê - TIET;Rio (Lótico);Classe 3;ITAQUAQUECETUBA;SP;01/01/2012;;23 28 19 ;46 20 50 ;739;Ponte na Estrada de Santa Isabel, na entrada de Itaquaquecetuba.;N
01/01/1974;28/12/2019;2191;Rede Básica;06 - ALTO TIÊTE;TIET03130;Ativo;19/07/2018;13:30;Nitrogênio Total;;19.30;mg/L;3- Químicos;Rio Tietê - TIET;Rio (Lótico);Classe 3;ITAQUAQUECETUBA;SP;01/01/2012;;23 28 19 ;46 20 50 ;739;Ponte na Estrada de Santa Isabel, na entrada de Itaquaquecetuba.;N
01/01/1974;28/12/2019;2191;Rede Básica;06 - ALTO TIÊTE;TIET03130;Ativo;13/09/2018;12:05;Nitrogênio Total;;20.60;mg/L;3- Químicos;Rio Tietê - TIET;Rio (Lótico);Classe 3;ITAQUAQUECETUBA;SP;01/01/2012;;23 28 19 ;46 20 50 ;739;Ponte na Estrada de Santa Isabel, na entrada de Itaquaquecetuba.;N
01/01/1974;28/12/2019;2191;Rede Básica;06 - ALTO TIÊTE;TIET03130;Ativo;22/11/2018;11:15;Nitrogênio Total;;12.70;mg/L;3- Químicos;Rio Tietê - TIET;Rio (Lótico);Classe 3;ITAQUAQUECETUBA;SP;01/01/2012;;23 28 19 ;46 20 50 ;739;Ponte na Estrada de Santa Isabel, na entrada de Itaquaquecetuba.;N
01/01/1974;28/12/2019;2191;Rede Básica;06 - ALTO TIÊTE;TIET03130;Ativo;09/01/2019;10:20;Nitrogênio Total;;4.54;mg/L;3- Químicos;Rio Tietê - TIET;Rio (Lótico);Classe 3;ITAQUAQUECETUBA;SP;01/01/2012;;23 28 19 ;46 20 50 ;739;Ponte na Estrada de Santa Isabel, na entrada de Itaquaquecetuba.;N
01/01/1974;28/12/2019;116;Rede Básica;06 - ALTO TIÊTE;TIET04150;Ativo;13/01/2016;09:40;Nitrogênio Total;;5.96;mg/L;3- Químicos;Rio Tietê - TIET;Rio (Lótico);Classe 4;GUARULHOS;SP;01/01/1976;;23 28 36 ;46 29 59 ;700;Ponte na Rod. Ayrton Senna, a montante do Parque Ecológico, antes da saída 19 - Aeroporto Guarulhos.;N
01/01/1974;28/12/2019;116;Rede Básica;06 - ALTO TIÊTE;TIET04150;Ativo;09/03/2016;09:40;Nitrogênio Total;;5.28;mg/L;3- Químicos;Rio Tietê - TIET;Rio (Lótico);Classe 4;GUARULHOS;SP;01/01/1976;;23 28 36 ;46 29 59 ;700;Ponte na Rod. Ayrton Senna, a montante do Parque Ecológico, antes da saída 19 - Aeroporto Guarulhos.;N
01/01/1974;28/12/2019;116;Rede Básica;06 - ALTO TIÊTE;TIET04150;Ativo;10/05/2016;10:30;Nitrogênio Total;;27.20;mg/L;3- Químicos;Rio Tietê - TIET;Rio (Lótico);Classe 4;GUARULHOS;SP;01/01/1976;;23 28 36 ;46 29 59 ;700;Ponte na Rod. Ayrton Senna, a montante do Parque Ecológico, antes da saída 19 - Aeroporto Guarulhos.;N
01/01/1974;28/12/2019;116;Rede Básica;06 - ALTO TIÊTE;TIET04150;Ativo;14/07/2016;10:20;Nitrogênio Total;;23.60;mg/L;3- Químicos;Rio Tietê - TIET;Rio (Lótico);Classe 4;GUARULHOS;SP;01/01/1976;;23 28 36 ;46 29 59 ;700;Ponte na Rod. Ayrton Senna, a montante do Parque Ecológico, antes da saída 19 - Aeroporto Guarulhos.;N
01/01/1974;28/12/2019;116;Rede Básica;06 - ALTO TIÊTE;TIET04150;Ativo;29/09/2016;10:00;Nitrogênio Total;;24.00;mg/L;3- Químicos;Rio Tietê - TIET;Rio (Lótico);Classe 4;GUARULHOS;SP;01/01/1976;;23 28 36 ;46 29 59 ;700;Ponte na Rod. Ayrton Senna, a montante do Parque Ecológico, antes da saída 19 - Aeroporto Guarulhos.;N
01/01/1974;28/12/2019;116;Rede Básica;06 - ALTO TIÊTE;TIET04150;Ativo;24/11/2016;10:14;Nitrogênio Total;;12.80;mg/L;3- Químicos;Rio Tietê - TIET;Rio (Lótico);Classe 4;GUARULHOS;SP;01/01/1976;;23 28 36 ;46 29 59 ;700;Ponte na Rod. Ayrton Senna, a montante do Parque Ecológico, antes da saída 19 - Aeroporto Guarulhos.;N
01/01/1974;28/12/2019;116;Rede Básica;06 - ALTO TIÊTE;TIET04150;Ativo;11/01/2017;09:18;Nitrogênio Total;;9.22;mg/L;3- Químicos;Rio Tietê - TIET;Rio (Lótico);Classe 4;GUARULHOS;SP;01/01/1976;;23 28 36 ;46 29 59 ;700;Ponte na Rod. Ayrton Senna, a montante do Parque Ecológico, antes da saída 19 - Aeroporto Guarulhos.;N
01/01/1974;28/12/2019;116;Rede Básica;06 - ALTO TIÊTE;TIET04150;Ativo;09/03/2017;09:15;Nitrogênio Total;;15.00;mg/L;3- Químicos;Rio Tietê - TIET;Rio (Lótico);Classe 4;GUARULHOS;SP;01/01/1976;;23 28 36 ;46 29 59 ;700;Ponte na Rod. Ayrton Senna, a montante do Parque Ecológico, antes da saída 19 - Aeroporto Guarulhos.;N
01/01/1974;28/12/2019;116;Rede Básica;06 - ALTO TIÊTE;TIET04150;Ativo;09/05/2017;09:40;Nitrogênio Total;;15.30;mg/L;3- Químicos;Rio Tietê - TIET;Rio (Lótico);Classe 4;GUARULHOS;SP;01/01/1976;;23 28 36 ;46 29 59 ;700;Ponte na Rod. Ayrton Senna, a montante do Parque Ecológico, antes da saída 19 - Aeroporto Guarulhos.;N
01/01/1974;28/12/2019;116;Rede Básica;06 - ALTO TIÊTE;TIET04150;Ativo;27/07/2017;09:05;Nitrogênio Total;;22.70;mg/L;3- Químicos;Rio Tietê - TIET;Rio (Lótico);Classe 4;GUARULHOS;SP;01/01/1976;;23 28 36 ;46 29 59 ;700;Ponte na Rod. Ayrton Senna, a montante do Parque Ecológico, antes da saída 19 - Aeroporto Guarulhos.;N
01/01/1974;28/12/2019;116;Rede Básica;06 - ALTO TIÊTE;TIET04150;Ativo;14/09/2017;10:00;Nitrogênio Total;;29.00;mg/L;3- Químicos;Rio Tietê - TIET;Rio (Lótico);Classe 4;GUARULHOS;SP;01/01/1976;;23 28 36 ;46 29 59 ;700;Ponte na Rod. Ayrton Senna, a montante do Parque Ecológico, antes da saída 19 - Aeroporto Guarulhos.;N
01/01/1974;28/12/2019;116;Rede Básica;06 - ALTO TIÊTE;TIET04150;Ativo;23/11/2017;09:55;Nitrogênio Total;;10.20;mg/L;3- Químicos;Rio Tietê - TIET;Rio (Lótico);Classe 4;GUARULHOS;SP;01/01/1976;;23 28 36 ;46 29 59 ;700;Ponte na Rod. Ayrton Senna, a montante do Parque Ecológico, antes da saída 19 - Aeroporto Guarulhos.;N
01/01/1974;28/12/2019;116;Rede Básica;06 - ALTO TIÊTE;TIET04150;Ativo;10/01/2018;09:30;Nitrogênio Total;;10.90;mg/L;3- Químicos;Rio Tietê - TIET;Rio (Lótico);Classe 4;GUARULHOS;SP;01/01/1976;;23 28 36 ;46 29 59 ;700;Ponte na Rod. Ayrton Senna, a montante do Parque Ecológico, antes da saída 19 - Aeroporto Guarulhos.;N
01/01/1974;28/12/2019;116;Rede Básica;06 - ALTO TIÊTE;TIET04150;Ativo;08/03/2018;08:40;Nitrogênio Total;;13.80;mg/L;3- Químicos;Rio Tietê - TIET;Rio (Lótico);Classe 4;GUARULHOS;SP;01/01/1976;;23 28 36 ;46 29 59 ;700;Ponte na Rod. Ayrton Senna, a montante do Parque Ecológico, antes da saída 19 - Aeroporto Guarulhos.;N
01/01/1974;28/12/2019;116;Rede Básica;06 - ALTO TIÊTE;TIET04150;Ativo;24/05/2018;10:07;Nitrogênio Total;;19.90;mg/L;3- Químicos;Rio Tietê - TIET;Rio (Lótico);Classe 4;GUARULHOS;SP;01/01/1976;;23 28 36 ;46 29 59 ;700;Ponte na Rod. Ayrton Senna, a montante do Parque Ecológico, antes da saída 19 - Aeroporto Guarulhos.;N
01/01/1974;28/12/2019;116;Rede Básica;06 - ALTO TIÊTE;TIET04150;Ativo;11/07/2018;09:05;Nitrogênio Total;;29.00;mg/L;3- Químicos;Rio Tietê - TIET;Rio (Lótico);Classe 4;GUARULHOS;SP;01/01/1976;;23 28 36 ;46 29 59 ;700;Ponte na Rod. Ayrton Senna, a montante do Parque Ecológico, antes da saída 19 - Aeroporto Guarulhos.;N
01/01/1974;28/12/2019;116;Rede Básica;06 - ALTO TIÊTE;TIET04150;Ativo;13/09/2018;10:05;Nitrogênio Total;;26.40;mg/L;3- Químicos;Rio Tietê - TIET;Rio (Lótico);Classe 4;GUARULHOS;SP;01/01/1976;;23 28 36 ;46 29 59 ;700;Ponte na Rod. Ayrton Senna, a montante do Parque Ecológico, antes da saída 19 - Aeroporto Guarulhos.;N
01/01/1974;28/12/2019;116;Rede Básica;06 - ALTO TIÊTE;TIET04150;Ativo;29/11/2018;09:40;Nitrogênio Total;;17.80;mg/L;3- Químicos;Rio Tietê - TIET;Rio (Lótico);Classe 4;GUARULHOS;SP;01/01/1976;;23 28 36 ;46 29 59 ;700;Ponte na Rod. Ayrton Senna, a montante do Parque Ecológico, antes da saída 19 - Aeroporto Guarulhos.;N
01/01/1974;28/12/2019;116;Rede Básica;06 - ALTO TIÊTE;TIET04150;Ativo;09/01/2019;09:40;Nitrogênio Total;;6.23;mg/L;3- Químicos;Rio Tietê - TIET;Rio (Lótico);Classe 4;GUARULHOS;SP;01/01/1976;;23 28 36 ;46 29 59 ;700;Ponte na Rod. Ayrton Senna, a montante do Parque Ecológico, antes da saída 19 - Aeroporto Guarulhos.;N
01/01/1974;28/12/2019;355;Rede Básica;06 - ALTO TIÊTE;TIET04170;Ativo;13/01/2016;10:06;Nitrogênio Total;;7.91;mg/L;3- Químicos;Rio Tietê - TIET;Rio (Lótico);Classe 4;SÃO PAULO;SP;01/01/2001;;23 31 22 ;46 33 29 ;743;Ponte na Av. Aricanduva;N
01/01/1974;28/12/2019;355;Rede Básica;06 - ALTO TIÊTE;TIET04170;Ativo;09/03/2016;11:01;Nitrogênio Total;;8.35;mg/L;3- Químicos;Rio Tietê - TIET;Rio (Lótico);Classe 4;SÃO PAULO;SP;01/01/2001;;23 31 22 ;46 33 29 ;743;Ponte na Av. Aricanduva;N
01/01/1974;28/12/2019;355;Rede Básica;06 - ALTO TIÊTE;TIET04170;Ativo;10/05/2016;10:05;Nitrogênio Total;;28.30;mg/L;3- Químicos;Rio Tietê - TIET;Rio (Lótico);Classe 4;SÃO PAULO;SP;01/01/2001;;23 31 22 ;46 33 29 ;743;Ponte na Av. Aricanduva;N
01/01/1974;28/12/2019;355;Rede Básica;06 - ALTO TIÊTE;TIET04170;Ativo;20/07/2016;09:44;Nitrogênio Total;;31.20;mg/L;3- Químicos;Rio Tietê - TIET;Rio (Lótico);Classe 4;SÃO PAULO;SP;01/01/2001;;23 31 22 ;46 33 29 ;743;Ponte na Av. Aricanduva;N
01/01/1974;28/12/2019;355;Rede Básica;06 - ALTO TIÊTE;TIET04170;Ativo;29/09/2016;10:36;Nitrogênio Total;;26.80;mg/L;3- Químicos;Rio Tietê - TIET;Rio (Lótico);Classe 4;SÃO PAULO;SP;01/01/2001;;23 31 22 ;46 33 29 ;743;Ponte na Av. Aricanduva;N
01/01/1974;28/12/2019;355;Rede Básica;06 - ALTO TIÊTE;TIET04170;Ativo;24/11/2016;10:35;Nitrogênio Total;;14.50;mg/L;3- Químicos;Rio Tietê - TIET;Rio (Lótico);Classe 4;SÃO PAULO;SP;01/01/2001;;23 31 22 ;46 33 29 ;743;Ponte na Av. Aricanduva;N
01/01/1974;28/12/2019;355;Rede Básica;06 - ALTO TIÊTE;TIET04170;Ativo;11/01/2017;10:40;Nitrogênio Total;;11.10;mg/L;3- Químicos;Rio Tietê - TIET;Rio (Lótico);Classe 4;SÃO PAULO;SP;01/01/2001;;23 31 22 ;46 33 29 ;743;Ponte na Av. Aricanduva;N
01/01/1974;28/12/2019;355;Rede Básica;06 - ALTO TIÊTE;TIET04170;Ativo;09/03/2017;10:40;Nitrogênio Total;;11.90;mg/L;3- Químicos;Rio Tietê - TIET;Rio (Lótico);Classe 4;SÃO PAULO;SP;01/01/2001;;23 31 22 ;46 33 29 ;743;Ponte na Av. Aricanduva;N
01/01/1974;28/12/2019;355;Rede Básica;06 - ALTO TIÊTE;TIET04170;Ativo;09/05/2017;09:35;Nitrogênio Total;;19.90;mg/L;3- Químicos;Rio Tietê - TIET;Rio (Lótico);Classe 4;SÃO PAULO;SP;01/01/2001;;23 31 22 ;46 33 29 ;743;Ponte na Av. Aricanduva;N
01/01/1974;28/12/2019;355;Rede Básica;06 - ALTO TIÊTE;TIET04170;Ativo;19/07/2017;10:50;Nitrogênio Total;;26.10;mg/L;3- Químicos;Rio Tietê - TIET;Rio (Lótico);Classe 4;SÃO PAULO;SP;01/01/2001;;23 31 22 ;46 33 29 ;743;Ponte na Av. Aricanduva;N
01/01/1974;28/12/2019;355;Rede Básica;06 - ALTO TIÊTE;TIET04170;Ativo;14/09/2017;11:10;Nitrogênio Total;;27.00;mg/L;3- Químicos;Rio Tietê - TIET;Rio (Lótico);Classe 4;SÃO PAULO;SP;01/01/2001;;23 31 22 ;46 33 29 ;743;Ponte na Av. Aricanduva;N
01/01/1974;28/12/2019;355;Rede Básica;06 - ALTO TIÊTE;TIET04170;Ativo;23/11/2017;11:16;Nitrogênio Total;;10.40;mg/L;3- Químicos;Rio Tietê - TIET;Rio (Lótico);Classe 4;SÃO PAULO;SP;01/01/2001;;23 31 22 ;46 33 29 ;743;Ponte na Av. Aricanduva;N
01/01/1974;28/12/2019;355;Rede Básica;06 - ALTO TIÊTE;TIET04170;Ativo;10/01/2018;10:00;Nitrogênio Total;;12.60;mg/L;3- Químicos;Rio Tietê - TIET;Rio (Lótico);Classe 4;SÃO PAULO;SP;01/01/2001;;23 31 22 ;46 33 29 ;743;Ponte na Av. Aricanduva;N
01/01/1974;28/12/2019;355;Rede Básica;06 - ALTO TIÊTE;TIET04170;Ativo;08/03/2018;14:50;Nitrogênio Total;;14.90;mg/L;3- Químicos;Rio Tietê - TIET;Rio (Lótico);Classe 4;SÃO PAULO;SP;01/01/2001;;23 31 22 ;46 33 29 ;743;Ponte na Av. Aricanduva;N
01/01/1974;28/12/2019;355;Rede Básica;06 - ALTO TIÊTE;TIET04170;Ativo;23/05/2018;11:50;Nitrogênio Total;;21.30;mg/L;3- Químicos;Rio Tietê - TIET;Rio (Lótico);Classe 4;SÃO PAULO;SP;01/01/2001;;23 31 22 ;46 33 29 ;743;Ponte na Av. Aricanduva;N
01/01/1974;28/12/2019;355;Rede Básica;06 - ALTO TIÊTE;TIET04170;Ativo;19/07/2018;11:15;Nitrogênio Total;;34.00;mg/L;3- Químicos;Rio Tietê - TIET;Rio (Lótico);Classe 4;SÃO PAULO;SP;01/01/2001;;23 31 22 ;46 33 29 ;743;Ponte na Av. Aricanduva;N
01/01/1974;28/12/2019;355;Rede Básica;06 - ALTO TIÊTE;TIET04170;Ativo;13/09/2018;10:35;Nitrogênio Total;;31.50;mg/L;3- Químicos;Rio Tietê - TIET;Rio (Lótico);Classe 4;SÃO PAULO;SP;01/01/2001;;23 31 22 ;46 33 29 ;743;Ponte na Av. Aricanduva;N
01/01/1974;28/12/2019;355;Rede Básica;06 - ALTO TIÊTE;TIET04170;Ativo;22/11/2018;13:40;Nitrogênio Total;;23.80;mg/L;3- Químicos;Rio Tietê - TIET;Rio (Lótico);Classe 4;SÃO PAULO;SP;01/01/2001;;23 31 22 ;46 33 29 ;743;Ponte na Av. Aricanduva;N
01/01/1974;28/12/2019;355;Rede Básica;06 - ALTO TIÊTE;TIET04170;Ativo;09/01/2019;12:35;Nitrogênio Total;;8.85;mg/L;3- Químicos;Rio Tietê - TIET;Rio (Lótico);Classe 4;SÃO PAULO;SP;01/01/2001;;23 31 22 ;46 33 29 ;743;Ponte na Av. Aricanduva;N
01/01/1974;28/12/2019;118;Rede Básica;06 - ALTO TIÊTE;TIET04180;Ativo;13/01/2016;09:32;Nitrogênio Total;;7.01;mg/L;3- Químicos;Rio Tietê - TIET;Rio (Lótico);Classe 4;SÃO PAULO;SP;01/01/1998;;23 31 18 ;46 37 52 ;700;Ponte das Bandeiras, na Av. Santos Dumont.;N
01/01/1974;28/12/2019;118;Rede Básica;06 - ALTO TIÊTE;TIET04180;Ativo;09/03/2016;10:01;Nitrogênio Total;;6.78;mg/L;3- Químicos;Rio Tietê - TIET;Rio (Lótico);Classe 4;SÃO PAULO;SP;01/01/1998;;23 31 18 ;46 37 52 ;700;Ponte das Bandeiras, na Av. Santos Dumont.;N
01/01/1974;28/12/2019;118;Rede Básica;06 - ALTO TIÊTE;TIET04180;Ativo;10/05/2016;09:08;Nitrogênio Total;;31.30;mg/L;3- Químicos;Rio Tietê - TIET;Rio (Lótico);Classe 4;SÃO PAULO;SP;01/01/1998;;23 31 18 ;46 37 52 ;700;Ponte das Bandeiras, na Av. Santos Dumont.;N
01/01/1974;28/12/2019;118;Rede Básica;06 - ALTO TIÊTE;TIET04180;Ativo;20/07/2016;09:08;Nitrogênio Total;;25.20;mg/L;3- Químicos;Rio Tietê - TIET;Rio (Lótico);Classe 4;SÃO PAULO;SP;01/01/1998;;23 31 18 ;46 37 52 ;700;Ponte das Bandeiras, na Av. Santos Dumont.;N
01/01/1974;28/12/2019;118;Rede Básica;06 - ALTO TIÊTE;TIET04180;Ativo;29/09/2016;09:55;Nitrogênio Total;;27.20;mg/L;3- Químicos;Rio Tietê - TIET;Rio (Lótico);Classe 4;SÃO PAULO;SP;01/01/1998;;23 31 18 ;46 37 52 ;700;Ponte das Bandeiras, na Av. Santos Dumont.;N
01/01/1974;28/12/2019;118;Rede Básica;06 - ALTO TIÊTE;TIET04180;Ativo;24/11/2016;10:00;Nitrogênio Total;;15.70;mg/L;3- Químicos;Rio Tietê - TIET;Rio (Lótico);Classe 4;SÃO PAULO;SP;01/01/1998;;23 31 18 ;46 37 52 ;700;Ponte das Bandeiras, na Av. Santos Dumont.;N
01/01/1974;28/12/2019;118;Rede Básica;06 - ALTO TIÊTE;TIET04180;Ativo;11/01/2017;09:45;Nitrogênio Total;;8.19;mg/L;3- Químicos;Rio Tietê - TIET;Rio (Lótico);Classe 4;SÃO PAULO;SP;01/01/1998;;23 31 18 ;46 37 52 ;700;Ponte das Bandeiras, na Av. Santos Dumont.;N
01/01/1974;28/12/2019;118;Rede Básica;06 - ALTO TIÊTE;TIET04180;Ativo;09/03/2017;12:25;Nitrogênio Total;;15.80;mg/L;3- Químicos;Rio Tietê - TIET;Rio (Lótico);Classe 4;SÃO PAULO;SP;01/01/1998;;23 31 18 ;46 37 52 ;700;Ponte das Bandeiras, na Av. Santos Dumont.;N
01/01/1974;28/12/2019;118;Rede Básica;06 - ALTO TIÊTE;TIET04180;Ativo;09/05/2017;09:35;Nitrogênio Total;;18.40;mg/L;3- Químicos;Rio Tietê - TIET;Rio (Lótico);Classe 4;SÃO PAULO;SP;01/01/1998;;23 31 18 ;46 37 52 ;700;Ponte das Bandeiras, na Av. Santos Dumont.;N
01/01/1974;28/12/2019;118;Rede Básica;06 - ALTO TIÊTE;TIET04180;Ativo;19/07/2017;10:14;Nitrogênio Total;;23.60;mg/L;3- Químicos;Rio Tietê - TIET;Rio (Lótico);Classe 4;SÃO PAULO;SP;01/01/1998;;23 31 18 ;46 37 52 ;700;Ponte das Bandeiras, na Av. Santos Dumont.;N
01/01/1974;28/12/2019;118;Rede Básica;06 - ALTO TIÊTE;TIET04180;Ativo;14/09/2017;10:40;Nitrogênio Total;;32.90;mg/L;3- Químicos;Rio Tietê - TIET;Rio (Lótico);Classe 4;SÃO PAULO;SP;01/01/1998;;23 31 18 ;46 37 52 ;700;Ponte das Bandeiras, na Av. Santos Dumont.;N
01/01/1974;28/12/2019;118;Rede Básica;06 - ALTO TIÊTE;TIET04180;Ativo;23/11/2017;10:27;Nitrogênio Total;;9.74;mg/L;3- Químicos;Rio Tietê - TIET;Rio (Lótico);Classe 4;SÃO PAULO;SP;01/01/1998;;23 31 18 ;46 37 52 ;700;Ponte das Bandeiras, na Av. Santos Dumont.;N
01/01/1974;28/12/2019;118;Rede Básica;06 - ALTO TIÊTE;TIET04180;Ativo;10/01/2018;09:00;Nitrogênio Total;;12.20;mg/L;3- Químicos;Rio Tietê - TIET;Rio (Lótico);Classe 4;SÃO PAULO;SP;01/01/1998;;23 31 18 ;46 37 52 ;700;Ponte das Bandeiras, na Av. Santos Dumont.;N
01/01/1974;28/12/2019;118;Rede Básica;06 - ALTO TIÊTE;TIET04180;Ativo;08/03/2018;15:21;Nitrogênio Total;;13.50;mg/L;3- Químicos;Rio Tietê - TIET;Rio (Lótico);Classe 4;SÃO PAULO;SP;01/01/1998;;23 31 18 ;46 37 52 ;700;Ponte das Bandeiras, na Av. Santos Dumont.;N
01/01/1974;28/12/2019;118;Rede Básica;06 - ALTO TIÊTE;TIET04180;Ativo;23/05/2018;11:17;Nitrogênio Total;;22.00;mg/L;3- Químicos;Rio Tietê - TIET;Rio (Lótico);Classe 4;SÃO PAULO;SP;01/01/1998;;23 31 18 ;46 37 52 ;700;Ponte das Bandeiras, na Av. Santos Dumont.;N
01/01/1974;28/12/2019;118;Rede Básica;06 - ALTO TIÊTE;TIET04180;Ativo;19/07/2018;10:40;Nitrogênio Total;;31.20;mg/L;3- Químicos;Rio Tietê - TIET;Rio (Lótico);Classe 4;SÃO PAULO;SP;01/01/1998;;23 31 18 ;46 37 52 ;700;Ponte das Bandeiras, na Av. Santos Dumont.;N
01/01/1974;28/12/2019;118;Rede Básica;06 - ALTO TIÊTE;TIET04180;Ativo;13/09/2018;09:40;Nitrogênio Total;;31.40;mg/L;3- Químicos;Rio Tietê - TIET;Rio (Lótico);Classe 4;SÃO PAULO;SP;01/01/1998;;23 31 18 ;46 37 52 ;700;Ponte das Bandeiras, na Av. Santos Dumont.;N
01/01/1974;28/12/2019;118;Rede Básica;06 - ALTO TIÊTE;TIET04180;Ativo;22/11/2018;09:36;Nitrogênio Total;;22.10;mg/L;3- Químicos;Rio Tietê - TIET;Rio (Lótico);Classe 4;SÃO PAULO;SP;01/01/1998;;23 31 18 ;46 37 52 ;700;Ponte das Bandeiras, na Av. Santos Dumont.;N
01/01/1974;28/12/2019;118;Rede Básica;06 - ALTO TIÊTE;TIET04180;Ativo;09/01/2019;08:45;Nitrogênio Total;;7.76;mg/L;3- Químicos;Rio Tietê - TIET;Rio (Lótico);Classe 4;SÃO PAULO;SP;01/01/1998;;23 31 18 ;46 37 52 ;700;Ponte das Bandeiras, na Av. Santos Dumont.;N
01/01/1974;28/12/2019;132;Rede Básica;06 - ALTO TIÊTE;TIET04200;Ativo;14/01/2016;09:00;Nitrogênio Total;;18.60;mg/L;3- Químicos;Rio Tietê - TIET;Rio (Lótico);Classe 4;SÃO PAULO;SP;01/01/1976;;23 31 11 ;46 44 47 ;700;Ponte dos Remédios, na Av. Marginal (Rodovia Presidente Castelo Branco).;N
01/01/1974;28/12/2019;132;Rede Básica;06 - ALTO TIÊTE;TIET04200;Ativo;03/03/2016;09:30;Nitrogênio Total;;5.70;mg/L;3- Químicos;Rio Tietê - TIET;Rio (Lótico);Classe 4;SÃO PAULO;SP;01/01/1976;;23 31 11 ;46 44 47 ;700;Ponte dos Remédios, na Av. Marginal (Rodovia Presidente Castelo Branco).;N
01/01/1974;28/12/2019;132;Rede Básica;06 - ALTO TIÊTE;TIET04200;Ativo;04/05/2016;09:45;Nitrogênio Total;;24.60;mg/L;3- Químicos;Rio Tietê - TIET;Rio (Lótico);Classe 4;SÃO PAULO;SP;01/01/1976;;23 31 11 ;46 44 47 ;700;Ponte dos Remédios, na Av. Marginal (Rodovia Presidente Castelo Branco).;N
01/01/1974;28/12/2019;132;Rede Básica;06 - ALTO TIÊTE;TIET04200;Ativo;27/07/2016;09:36;Nitrogênio Total;;32.40;mg/L;3- Químicos;Rio Tietê - TIET;Rio (Lótico);Classe 4;SÃO PAULO;SP;01/01/1976;;23 31 11 ;46 44 47 ;700;Ponte dos Remédios, na Av. Marginal (Rodovia Presidente Castelo Branco).;N
01/01/1974;28/12/2019;132;Rede Básica;06 - ALTO TIÊTE;TIET04200;Ativo;29/09/2016;10:00;Nitrogênio Total;;29.60;mg/L;3- Químicos;Rio Tietê - TIET;Rio (Lótico);Classe 4;SÃO PAULO;SP;01/01/1976;;23 31 11 ;46 44 47 ;700;Ponte dos Remédios, na Av. Marginal (Rodovia Presidente Castelo Branco).;N
01/01/1974;28/12/2019;132;Rede Básica;06 - ALTO TIÊTE;TIET04200;Ativo;23/11/2016;09:57;Nitrogênio Total;;18.50;mg/L;3- Químicos;Rio Tietê - TIET;Rio (Lótico);Classe 4;SÃO PAULO;SP;01/01/1976;;23 31 11 ;46 44 47 ;700;Ponte dos Remédios, na Av. Marginal (Rodovia Presidente Castelo Branco).;N
01/01/1974;28/12/2019;132;Rede Básica;06 - ALTO TIÊTE;TIET04200;Ativo;10/01/2017;08:30;Nitrogênio Total;;8.81;mg/L;3- Químicos;Rio Tietê - TIET;Rio (Lótico);Classe 4;SÃO PAULO;SP;01/01/1976;;23 31 11 ;46 44 47 ;700;Ponte dos Remédios, na Av. Marginal (Rodovia Presidente Castelo Branco).;N
01/01/1974;28/12/2019;132;Rede Básica;06 - ALTO TIÊTE;TIET04200;Ativo;15/03/2017;13:19;Nitrogênio Total;;12.60;mg/L;3- Químicos;Rio Tietê - TIET;Rio (Lótico);Classe 4;SÃO PAULO;SP;01/01/1976;;23 31 11 ;46 44 47 ;700;Ponte dos Remédios, na Av. Marginal (Rodovia Presidente Castelo Branco).;N
01/01/1974;28/12/2019;132;Rede Básica;06 - ALTO TIÊTE;TIET04200;Ativo;03/05/2017;09:31;Nitrogênio Total;;33.60;mg/L;3- Químicos;Rio Tietê - TIET;Rio (Lótico);Classe 4;SÃO PAULO;SP;01/01/1976;;23 31 11 ;46 44 47 ;700;Ponte dos Remédios, na Av. Marginal (Rodovia Presidente Castelo Branco).;N
01/01/1974;28/12/2019;132;Rede Básica;06 - ALTO TIÊTE;TIET04200;Ativo;13/07/2017;09:12;Nitrogênio Total;;22.50;mg/L;3- Químicos;Rio Tietê - TIET;Rio (Lótico);Classe 4;SÃO PAULO;SP;01/01/1976;;23 31 11 ;46 44 47 ;700;Ponte dos Remédios, na Av. Marginal (Rodovia Presidente Castelo Branco).;N
01/01/1974;28/12/2019;132;Rede Básica;06 - ALTO TIÊTE;TIET04200;Ativo;26/09/2017;09:46;Nitrogênio Total;;35.60;mg/L;3- Químicos;Rio Tietê - TIET;Rio (Lótico);Classe 4;SÃO PAULO;SP;01/01/1976;;23 31 11 ;46 44 47 ;700;Ponte dos Remédios, na Av. Marginal (Rodovia Presidente Castelo Branco).;N
01/01/1974;28/12/2019;132;Rede Básica;06 - ALTO TIÊTE;TIET04200;Ativo;22/11/2017;09:41;Nitrogênio Total;;9.02;mg/L;3- Químicos;Rio Tietê - TIET;Rio (Lótico);Classe 4;SÃO PAULO;SP;01/01/1976;;23 31 11 ;46 44 47 ;700;Ponte dos Remédios, na Av. Marginal (Rodovia Presidente Castelo Branco).;N
01/01/1974;28/12/2019;132;Rede Básica;06 - ALTO TIÊTE;TIET04200;Ativo;09/01/2018;09:19;Nitrogênio Total;;8.73;mg/L;3- Químicos;Rio Tietê - TIET;Rio (Lótico);Classe 4;SÃO PAULO;SP;01/01/1976;;23 31 11 ;46 44 47 ;700;Ponte dos Remédios, na Av. Marginal (Rodovia Presidente Castelo Branco).;N
01/01/1974;28/12/2019;132;Rede Básica;06 - ALTO TIÊTE;TIET04200;Ativo;14/03/2018;08:49;Nitrogênio Total;;11.70;mg/L;3- Químicos;Rio Tietê - TIET;Rio (Lótico);Classe 4;SÃO PAULO;SP;01/01/1976;;23 31 11 ;46 44 47 ;700;Ponte dos Remédios, na Av. Marginal (Rodovia Presidente Castelo Branco).;N
01/01/1974;28/12/2019;132;Rede Básica;06 - ALTO TIÊTE;TIET04200;Ativo;03/05/2018;08:51;Nitrogênio Total;;25.70;mg/L;3- Químicos;Rio Tietê - TIET;Rio (Lótico);Classe 4;SÃO PAULO;SP;01/01/1976;;23 31 11 ;46 44 47 ;700;Ponte dos Remédios, na Av. Marginal (Rodovia Presidente Castelo Branco).;N
01/01/1974;28/12/2019;132;Rede Básica;06 - ALTO TIÊTE;TIET04200;Ativo;12/07/2018;08:56;Nitrogênio Total;;29.90;mg/L;3- Químicos;Rio Tietê - TIET;Rio (Lótico);Classe 4;SÃO PAULO;SP;01/01/1976;;23 31 11 ;46 44 47 ;700;Ponte dos Remédios, na Av. Marginal (Rodovia Presidente Castelo Branco).;N
01/01/1974;28/12/2019;132;Rede Básica;06 - ALTO TIÊTE;TIET04200;Ativo;25/09/2018;10:10;Nitrogênio Total;;27.90;mg/L;3- Químicos;Rio Tietê - TIET;Rio (Lótico);Classe 4;SÃO PAULO;SP;01/01/1976;;23 31 11 ;46 44 47 ;700;Ponte dos Remédios, na Av. Marginal (Rodovia Presidente Castelo Branco).;N
01/01/1974;28/12/2019;132;Rede Básica;06 - ALTO TIÊTE;TIET04200;Ativo;21/11/2018;10:55;Nitrogênio Total;;20.00;mg/L;3- Químicos;Rio Tietê - TIET;Rio (Lótico);Classe 4;SÃO PAULO;SP;01/01/1976;;23 31 11 ;46 44 47 ;700;Ponte dos Remédios, na Av. Marginal (Rodovia Presidente Castelo Branco).;N
01/01/1974;28/12/2019;132;Rede Básica;06 - ALTO TIÊTE;TIET04200;Ativo;09/01/2019;09:40;Nitrogênio Total;;9.17;mg/L;3- Químicos;Rio Tietê - TIET;Rio (Lótico);Classe 4;SÃO PAULO;SP;01/01/1976;;23 31 11 ;46 44 47 ;700;Ponte dos Remédios, na Av. Marginal (Rodovia Presidente Castelo Branco).;N
01/01/1974;28/12/2019;341;Rede Básica;05 - PIRACICABA/CAPIVARI/JUNDIAI;TIJU02900;Ativo;28/11/2017;10:07;Nitrogênio Total;;20.60;mg/L;3- Químicos;Ribeirão Tijuco Preto - TIJU;Rio (Lótico);Classe 2;SUMARE;SP;01/01/2002;;22 48 39 ;47 10 24 ;555;Próximo à sua foz.;N
01/01/1974;28/12/2019;125;Rede Básica;06 - ALTO TIÊTE;TIPI04900;Ativo;14/01/2016;11:11;Nitrogênio Total;;9.51;mg/L;3- Químicos;Reservatório de Pirapora - TIPI;Reservatório (Lêntico);Classe 4;PIRAPORA DO BOM JESUS;SP;01/10/1974;;23 23 27 ;46 59 41 ;699;Próximo às comportas da barragem do Reservatório de Pirapora;N
01/01/1974;28/12/2019;125;Rede Básica;06 - ALTO TIÊTE;TIPI04900;Ativo;03/03/2016;11:50;Nitrogênio Total;;7.00;mg/L;3- Químicos;Reservatório de Pirapora - TIPI;Reservatório (Lêntico);Classe 4;PIRAPORA DO BOM JESUS;SP;01/10/1974;;23 23 27 ;46 59 41 ;699;Próximo às comportas da barragem do Reservatório de Pirapora;N
01/01/1974;28/12/2019;125;Rede Básica;06 - ALTO TIÊTE;TIPI04900;Ativo;04/05/2016;11:59;Nitrogênio Total;;23.00;mg/L;3- Químicos;Reservatório de Pirapora - TIPI;Reservatório (Lêntico);Classe 4;PIRAPORA DO BOM JESUS;SP;01/10/1974;;23 23 27 ;46 59 41 ;699;Próximo às comportas da barragem do Reservatório de Pirapora;N
01/01/1974;28/12/2019;125;Rede Básica;06 - ALTO TIÊTE;TIPI04900;Ativo;27/07/2016;11:31;Nitrogênio Total;;33.70;mg/L;3- Químicos;Reservatório de Pirapora - TIPI;Reservatório (Lêntico);Classe 4;PIRAPORA DO BOM JESUS;SP;01/10/1974;;23 23 27 ;46 59 41 ;699;Próximo às comportas da barragem do Reservatório de Pirapora;N
01/01/1974;28/12/2019;125;Rede Básica;06 - ALTO TIÊTE;TIPI04900;Ativo;29/09/2016;12:30;Nitrogênio Total;;29.90;mg/L;3- Químicos;Reservatório de Pirapora - TIPI;Reservatório (Lêntico);Classe 4;PIRAPORA DO BOM JESUS;SP;01/10/1974;;23 23 27 ;46 59 41 ;699;Próximo às comportas da barragem do Reservatório de Pirapora;N
01/01/1974;28/12/2019;125;Rede Básica;06 - ALTO TIÊTE;TIPI04900;Ativo;23/11/2016;12:15;Nitrogênio Total;;19.10;mg/L;3- Químicos;Reservatório de Pirapora - TIPI;Reservatório (Lêntico);Classe 4;PIRAPORA DO BOM JESUS;SP;01/10/1974;;23 23 27 ;46 59 41 ;699;Próximo às comportas da barragem do Reservatório de Pirapora;N
01/01/1974;28/12/2019;125;Rede Básica;06 - ALTO TIÊTE;TIPI04900;Ativo;10/01/2017;10:55;Nitrogênio Total;;13.80;mg/L;3- Químicos;Reservatório de Pirapora - TIPI;Reservatório (Lêntico);Classe 4;PIRAPORA DO BOM JESUS;SP;01/10/1974;;23 23 27 ;46 59 41 ;699;Próximo às comportas da barragem do Reservatório de Pirapora;N
01/01/1974;28/12/2019;125;Rede Básica;06 - ALTO TIÊTE;TIPI04900;Ativo;15/03/2017;15:35;Nitrogênio Total;;17.30;mg/L;3- Químicos;Reservatório de Pirapora - TIPI;Reservatório (Lêntico);Classe 4;PIRAPORA DO BOM JESUS;SP;01/10/1974;;23 23 27 ;46 59 41 ;699;Próximo às comportas da barragem do Reservatório de Pirapora;N
01/01/1974;28/12/2019;125;Rede Básica;06 - ALTO TIÊTE;TIPI04900;Ativo;03/05/2017;11:10;Nitrogênio Total;;20.20;mg/L;3- Químicos;Reservatório de Pirapora - TIPI;Reservatório (Lêntico);Classe 4;PIRAPORA DO BOM JESUS;SP;01/10/1974;;23 23 27 ;46 59 41 ;699;Próximo às comportas da barragem do Reservatório de Pirapora;N
01/01/1974;28/12/2019;125;Rede Básica;06 - ALTO TIÊTE;TIPI04900;Ativo;13/07/2017;11:11;Nitrogênio Total;;24.50;mg/L;3- Químicos;Reservatório de Pirapora - TIPI;Reservatório (Lêntico);Classe 4;PIRAPORA DO BOM JESUS;SP;01/10/1974;;23 23 27 ;46 59 41 ;699;Próximo às comportas da barragem do Reservatório de Pirapora;N
01/01/1974;28/12/2019;125;Rede Básica;06 - ALTO TIÊTE;TIPI04900;Ativo;26/09/2017;11:53;Nitrogênio Total;;37.10;mg/L;3- Químicos;Reservatório de Pirapora - TIPI;Reservatório (Lêntico);Classe 4;PIRAPORA DO BOM JESUS;SP;01/10/1974;;23 23 27 ;46 59 41 ;699;Próximo às comportas da barragem do Reservatório de Pirapora;N
01/01/1974;28/12/2019;125;Rede Básica;06 - ALTO TIÊTE;TIPI04900;Ativo;22/11/2017;11:35;Nitrogênio Total;;14.20;mg/L;3- Químicos;Reservatório de Pirapora - TIPI;Reservatório (Lêntico);Classe 4;PIRAPORA DO BOM JESUS;SP;01/10/1974;;23 23 27 ;46 59 41 ;699;Próximo às comportas da barragem do Reservatório de Pirapora;N
01/01/1974;28/12/2019;125;Rede Básica;06 - ALTO TIÊTE;TIPI04900;Ativo;09/01/2018;11:18;Nitrogênio Total;;8.85;mg/L;3- Químicos;Reservatório de Pirapora - TIPI;Reservatório (Lêntico);Classe 4;PIRAPORA DO BOM JESUS;SP;01/10/1974;;23 23 27 ;46 59 41 ;699;Próximo às comportas da barragem do Reservatório de Pirapora;N
01/01/1974;28/12/2019;125;Rede Básica;06 - ALTO TIÊTE;TIPI04900;Ativo;14/03/2018;11:05;Nitrogênio Total;;13.50;mg/L;3- Químicos;Reservatório de Pirapora - TIPI;Reservatório (Lêntico);Classe 4;PIRAPORA DO BOM JESUS;SP;01/10/1974;;23 23 27 ;46 59 41 ;699;Próximo às comportas da barragem do Reservatório de Pirapora;N
01/01/1974;28/12/2019;125;Rede Básica;06 - ALTO TIÊTE;TIPI04900;Ativo;03/05/2018;10:55;Nitrogênio Total;;27.10;mg/L;3- Químicos;Reservatório de Pirapora - TIPI;Reservatório (Lêntico);Classe 4;PIRAPORA DO BOM JESUS;SP;01/10/1974;;23 23 27 ;46 59 41 ;699;Próximo às comportas da barragem do Reservatório de Pirapora;N
01/01/1974;28/12/2019;125;Rede Básica;06 - ALTO TIÊTE;TIPI04900;Ativo;12/07/2018;10:55;Nitrogênio Total;;30.90;mg/L;3- Químicos;Reservatório de Pirapora - TIPI;Reservatório (Lêntico);Classe 4;PIRAPORA DO BOM JESUS;SP;01/10/1974;;23 23 27 ;46 59 41 ;699;Próximo às comportas da barragem do Reservatório de Pirapora;N
01/01/1974;28/12/2019;125;Rede Básica;06 - ALTO TIÊTE;TIPI04900;Ativo;25/09/2018;13:50;Nitrogênio Total;;26.20;mg/L;3- Químicos;Reservatório de Pirapora - TIPI;Reservatório (Lêntico);Classe 4;PIRAPORA DO BOM JESUS;SP;01/10/1974;;23 23 27 ;46 59 41 ;699;Próximo às comportas da barragem do Reservatório de Pirapora;N
01/01/1974;28/12/2019;125;Rede Básica;06 - ALTO TIÊTE;TIPI04900;Ativo;21/11/2018;14:00;Nitrogênio Total;;15.00;mg/L;3- Químicos;Reservatório de Pirapora - TIPI;Reservatório (Lêntico);Classe 4;PIRAPORA DO BOM JESUS;SP;01/10/1974;;23 23 27 ;46 59 41 ;699;Próximo às comportas da barragem do Reservatório de Pirapora;N
01/01/1974;28/12/2019;125;Rede Básica;06 - ALTO TIÊTE;TIPI04900;Ativo;09/01/2019;12:00;Nitrogênio Total;;14.60;mg/L;3- Químicos;Reservatório de Pirapora - TIPI;Reservatório (Lêntico);Classe 4;PIRAPORA DO BOM JESUS;SP;01/10/1974;;23 23 27 ;46 59 41 ;699;Próximo às comportas da barragem do Reservatório de Pirapora;N
01/01/1974;28/12/2019;125;Rede Básica;06 - ALTO TIÊTE;TIPI04900;Ativo;07/03/2019;12:29;Nitrogênio Total;;8.44;mg/L;3- Químicos;Reservatório de Pirapora - TIPI;Reservatório (Lêntico);Classe 4;PIRAPORA DO BOM JESUS;SP;01/10/1974;;23 23 27 ;46 59 41 ;699;Próximo às comportas da barragem do Reservatório de Pirapora;N
01/01/1974;28/12/2019;128;Rede Básica;10 - SOROCABA/MEDIO TIETE;TIRG02900;Ativo;14/01/2016;12:00;Nitrogênio Total;;9.39;mg/L;3- Químicos;Reservatório de Rasgão - TIRG;Reservatório (Lêntico);Classe 2;PIRAPORA DO BOM JESUS;SP;01/01/1998;;23 22 58 ;47 01 46 ;669;Próximo das comportas do Reservatório de Rasgão.;N
01/01/1974;28/12/2019;128;Rede Básica;10 - SOROCABA/MEDIO TIETE;TIRG02900;Ativo;03/03/2016;12:30;Nitrogênio Total;;7.34;mg/L;3- Químicos;Reservatório de Rasgão - TIRG;Reservatório (Lêntico);Classe 2;PIRAPORA DO BOM JESUS;SP;01/01/1998;;23 22 58 ;47 01 46 ;669;Próximo das comportas do Reservatório de Rasgão.;N
01/01/1974;28/12/2019;128;Rede Básica;10 - SOROCABA/MEDIO TIETE;TIRG02900;Ativo;04/05/2016;12:30;Nitrogênio Total;;22.30;mg/L;3- Químicos;Reservatório de Rasgão - TIRG;Reservatório (Lêntico);Classe 2;PIRAPORA DO BOM JESUS;SP;01/01/1998;;23 22 58 ;47 01 46 ;669;Próximo das comportas do Reservatório de Rasgão.;N
01/01/1974;28/12/2019;128;Rede Básica;10 - SOROCABA/MEDIO TIETE;TIRG02900;Ativo;27/07/2016;12:06;Nitrogênio Total;;31.50;mg/L;3- Químicos;Reservatório de Rasgão - TIRG;Reservatório (Lêntico);Classe 2;PIRAPORA DO BOM JESUS;SP;01/01/1998;;23 22 58 ;47 01 46 ;669;Próximo das comportas do Reservatório de Rasgão.;N
01/01/1974;28/12/2019;128;Rede Básica;10 - SOROCABA/MEDIO TIETE;TIRG02900;Ativo;29/09/2016;13:00;Nitrogênio Total;;27.10;mg/L;3- Químicos;Reservatório de Rasgão - TIRG;Reservatório (Lêntico);Classe 2;PIRAPORA DO BOM JESUS;SP;01/01/1998;;23 22 58 ;47 01 46 ;669;Próximo das comportas do Reservatório de Rasgão.;N
01/01/1974;28/12/2019;128;Rede Básica;10 - SOROCABA/MEDIO TIETE;TIRG02900;Ativo;23/11/2016;12:49;Nitrogênio Total;;18.80;mg/L;3- Químicos;Reservatório de Rasgão - TIRG;Reservatório (Lêntico);Classe 2;PIRAPORA DO BOM JESUS;SP;01/01/1998;;23 22 58 ;47 01 46 ;669;Próximo das comportas do Reservatório de Rasgão.;N
01/01/1974;28/12/2019;128;Rede Básica;10 - SOROCABA/MEDIO TIETE;TIRG02900;Ativo;10/01/2017;11:30;Nitrogênio Total;;14.50;mg/L;3- Químicos;Reservatório de Rasgão - TIRG;Reservatório (Lêntico);Classe 2;PIRAPORA DO BOM JESUS;SP;01/01/1998;;23 22 58 ;47 01 46 ;669;Próximo das comportas do Reservatório de Rasgão.;N
01/01/1974;28/12/2019;128;Rede Básica;10 - SOROCABA/MEDIO TIETE;TIRG02900;Ativo;15/03/2017;16:10;Nitrogênio Total;;18.20;mg/L;3- Químicos;Reservatório de Rasgão - TIRG;Reservatório (Lêntico);Classe 2;PIRAPORA DO BOM JESUS;SP;01/01/1998;;23 22 58 ;47 01 46 ;669;Próximo das comportas do Reservatório de Rasgão.;N
01/01/1974;28/12/2019;128;Rede Básica;10 - SOROCABA/MEDIO TIETE;TIRG02900;Ativo;03/05/2017;11:42;Nitrogênio Total;;18.80;mg/L;3- Químicos;Reservatório de Rasgão - TIRG;Reservatório (Lêntico);Classe 2;PIRAPORA DO BOM JESUS;SP;01/01/1998;;23 22 58 ;47 01 46 ;669;Próximo das comportas do Reservatório de Rasgão.;N
01/01/1974;28/12/2019;128;Rede Básica;10 - SOROCABA/MEDIO TIETE;TIRG02900;Ativo;13/07/2017;11:45;Nitrogênio Total;;23.70;mg/L;3- Químicos;Reservatório de Rasgão - TIRG;Reservatório (Lêntico);Classe 2;PIRAPORA DO BOM JESUS;SP;01/01/1998;;23 22 58 ;47 01 46 ;669;Próximo das comportas do Reservatório de Rasgão.;N
01/01/1974;28/12/2019;128;Rede Básica;10 - SOROCABA/MEDIO TIETE;TIRG02900;Ativo;26/09/2017;12:21;Nitrogênio Total;;38.10;mg/L;3- Químicos;Reservatório de Rasgão - TIRG;Reservatório (Lêntico);Classe 2;PIRAPORA DO BOM JESUS;SP;01/01/1998;;23 22 58 ;47 01 46 ;669;Próximo das comportas do Reservatório de Rasgão.;N
01/01/1974;28/12/2019;128;Rede Básica;10 - SOROCABA/MEDIO TIETE;TIRG02900;Ativo;22/11/2017;12:05;Nitrogênio Total;;12.60;mg/L;3- Químicos;Reservatório de Rasgão - TIRG;Reservatório (Lêntico);Classe 2;PIRAPORA DO BOM JESUS;SP;01/01/1998;;23 22 58 ;47 01 46 ;669;Próximo das comportas do Reservatório de Rasgão.;N
01/01/1974;28/12/2019;128;Rede Básica;10 - SOROCABA/MEDIO TIETE;TIRG02900;Ativo;09/01/2018;11:50;Nitrogênio Total;;7.87;mg/L;3- Químicos;Reservatório de Rasgão - TIRG;Reservatório (Lêntico);Classe 2;PIRAPORA DO BOM JESUS;SP;01/01/1998;;23 22 58 ;47 01 46 ;669;Próximo das comportas do Reservatório de Rasgão.;N
01/01/1974;28/12/2019;128;Rede Básica;10 - SOROCABA/MEDIO TIETE;TIRG02900;Ativo;14/03/2018;11:43;Nitrogênio Total;;14.70;mg/L;3- Químicos;Reservatório de Rasgão - TIRG;Reservatório (Lêntico);Classe 2;PIRAPORA DO BOM JESUS;SP;01/01/1998;;23 22 58 ;47 01 46 ;669;Próximo das comportas do Reservatório de Rasgão.;N
01/01/1974;28/12/2019;128;Rede Básica;10 - SOROCABA/MEDIO TIETE;TIRG02900;Ativo;03/05/2018;11:30;Nitrogênio Total;;24.80;mg/L;3- Químicos;Reservatório de Rasgão - TIRG;Reservatório (Lêntico);Classe 2;PIRAPORA DO BOM JESUS;SP;01/01/1998;;23 22 58 ;47 01 46 ;669;Próximo das comportas do Reservatório de Rasgão.;N
01/01/1974;28/12/2019;128;Rede Básica;10 - SOROCABA/MEDIO TIETE;TIRG02900;Ativo;12/07/2018;11:30;Nitrogênio Total;;31.10;mg/L;3- Químicos;Reservatório de Rasgão - TIRG;Reservatório (Lêntico);Classe 2;PIRAPORA DO BOM JESUS;SP;01/01/1998;;23 22 58 ;47 01 46 ;669;Próximo das comportas do Reservatório de Rasgão.;N
01/01/1974;28/12/2019;128;Rede Básica;10 - SOROCABA/MEDIO TIETE;TIRG02900;Ativo;25/09/2018;14:30;Nitrogênio Total;;25.70;mg/L;3- Químicos;Reservatório de Rasgão - TIRG;Reservatório (Lêntico);Classe 2;PIRAPORA DO BOM JESUS;SP;01/01/1998;;23 22 58 ;47 01 46 ;669;Próximo das comportas do Reservatório de Rasgão.;N
01/01/1974;28/12/2019;128;Rede Básica;10 - SOROCABA/MEDIO TIETE;TIRG02900;Ativo;21/11/2018;14:48;Nitrogênio Total;;14.00;mg/L;3- Químicos;Reservatório de Rasgão - TIRG;Reservatório (Lêntico);Classe 2;PIRAPORA DO BOM JESUS;SP;01/01/1998;;23 22 58 ;47 01 46 ;669;Próximo das comportas do Reservatório de Rasgão.;N
01/01/1974;28/12/2019;128;Rede Básica;10 - SOROCABA/MEDIO TIETE;TIRG02900;Ativo;09/01/2019;12:50;Nitrogênio Total;;15.20;mg/L;3- Químicos;Reservatório de Rasgão - TIRG;Reservatório (Lêntico);Classe 2;PIRAPORA DO BOM JESUS;SP;01/01/1998;;23 22 58 ;47 01 46 ;669;Próximo das comportas do Reservatório de Rasgão.;N
01/01/1974;28/12/2019;2485;Rede Básica;05 - PIRACICABA/CAPIVARI/JUNDIAI;TOLE03750;Ativo;28/11/2017;09:15;Nitrogênio Total;;2.98;mg/L;3- Químicos;Ribeirão dos Toledos - TOLE;Rio (Lótico);Classe 3;SANTA BARBARA D OESTE;SP;01/01/2015;;22 44 09 ;47 24 52 ;528;Ponte próxima da Rua Rafarde,Bairro São Joaquim.;N
01/01/1974;28/12/2019;2582;Rede Básica;06 - ALTO TIÊTE;TUPU00900;Ativo;08/01/2019;16:10;Nitrogênio Total;;18.30;mg/L;3- Químicos;Córrego do ITUPU - TUPU;Rio (Lótico);Classe Especial;SÃO PAULO;SP;01/01/2019;;23 41 43 ;46 45 45 ;753;Ponte na Estrada do Riviera,  próximo da Av. Nova Arcadia, junto a foz na represa Guarapiranga.;N
01/01/1974;28/12/2019;2558;Rede Básica;02 - PARAIBA DO SUL;UAMA00550;Inativo;08/08/2018;11:45;Nitrogênio Total;;0.31;mg/L;3- Químicos;Rio Piracuama - UAMA;Rio (Lótico);Classe Especial;PINDAMONHANGABA;SP;23/11/2015;31/12/2018;22 51 55 ;45 35 05 ;590;Ponte sobre o rio Piracuama ao lado da Estação Centenário da Estrada de Ferro.;N
01/01/1974;28/12/2019;2558;Rede Básica;02 - PARAIBA DO SUL;UAMA00550;Inativo;08/10/2018;12:15;Nitrogênio Total;;0.36;mg/L;3- Químicos;Rio Piracuama - UAMA;Rio (Lótico);Classe Especial;PINDAMONHANGABA;SP;23/11/2015;31/12/2018;22 51 55 ;45 35 05 ;590;Ponte sobre o rio Piracuama ao lado da Estação Centenário da Estrada de Ferro.;N
01/01/1974;28/12/2019;2194;Rede Básica;06 - ALTO TIÊTE;UARE04550;Ativo;28/01/2016;09:56;Nitrogênio Total;;14.40;mg/L;3- Químicos;Córrego do Jaguaré - UARE;Rio (Lótico);Classe 4;SÃO PAULO;SP;01/01/2012;;23 34 03 ;46 45 25 ;736;Ponte na Av. Politecnica com a Rua Jorge Waard, no Rio Pequeno.;N
01/01/1974;28/12/2019;2194;Rede Básica;06 - ALTO TIÊTE;UARE04550;Ativo;30/03/2016;10:15;Nitrogênio Total;;19.80;mg/L;3- Químicos;Córrego do Jaguaré - UARE;Rio (Lótico);Classe 4;SÃO PAULO;SP;01/01/2012;;23 34 03 ;46 45 25 ;736;Ponte na Av. Politecnica com a Rua Jorge Waard, no Rio Pequeno.;N
01/01/1974;28/12/2019;2194;Rede Básica;06 - ALTO TIÊTE;UARE04550;Ativo;19/05/2016;10:50;Nitrogênio Total;;20.70;mg/L;3- Químicos;Córrego do Jaguaré - UARE;Rio (Lótico);Classe 4;SÃO PAULO;SP;01/01/2012;;23 34 03 ;46 45 25 ;736;Ponte na Av. Politecnica com a Rua Jorge Waard, no Rio Pequeno.;N
01/01/1974;28/12/2019;2194;Rede Básica;06 - ALTO TIÊTE;UARE04550;Ativo;13/07/2016;13:10;Nitrogênio Total;;40.90;mg/L;3- Químicos;Córrego do Jaguaré - UARE;Rio (Lótico);Classe 4;SÃO PAULO;SP;01/01/2012;;23 34 03 ;46 45 25 ;736;Ponte na Av. Politecnica com a Rua Jorge Waard, no Rio Pequeno.;N
01/01/1974;28/12/2019;2194;Rede Básica;06 - ALTO TIÊTE;UARE04550;Ativo;14/09/2016;10:26;Nitrogênio Total;;24.30;mg/L;3- Químicos;Córrego do Jaguaré - UARE;Rio (Lótico);Classe 4;SÃO PAULO;SP;01/01/2012;;23 34 03 ;46 45 25 ;736;Ponte na Av. Politecnica com a Rua Jorge Waard, no Rio Pequeno.;N
01/01/1974;28/12/2019;2194;Rede Básica;06 - ALTO TIÊTE;UARE04550;Ativo;29/11/2016;13:10;Nitrogênio Total;;31.90;mg/L;3- Químicos;Córrego do Jaguaré - UARE;Rio (Lótico);Classe 4;SÃO PAULO;SP;01/01/2012;;23 34 03 ;46 45 25 ;736;Ponte na Av. Politecnica com a Rua Jorge Waard, no Rio Pequeno.;N
01/01/1974;28/12/2019;2194;Rede Básica;06 - ALTO TIÊTE;UARE04550;Ativo;26/01/2017;10:28;Nitrogênio Total;;26.40;mg/L;3- Químicos;Córrego do Jaguaré - UARE;Rio (Lótico);Classe 4;SÃO PAULO;SP;01/01/2012;;23 34 03 ;46 45 25 ;736;Ponte na Av. Politecnica com a Rua Jorge Waard, no Rio Pequeno.;N
01/01/1974;28/12/2019;2194;Rede Básica;06 - ALTO TIÊTE;UARE04550;Ativo;30/03/2017;09:44;Nitrogênio Total;;20.50;mg/L;3- Químicos;Córrego do Jaguaré - UARE;Rio (Lótico);Classe 4;SÃO PAULO;SP;01/01/2012;;23 34 03 ;46 45 25 ;736;Ponte na Av. Politecnica com a Rua Jorge Waard, no Rio Pequeno.;N
01/01/1974;28/12/2019;2194;Rede Básica;06 - ALTO TIÊTE;UARE04550;Ativo;18/05/2017;11:20;Nitrogênio Total;;29.50;mg/L;3- Químicos;Córrego do Jaguaré - UARE;Rio (Lótico);Classe 4;SÃO PAULO;SP;01/01/2012;;23 34 03 ;46 45 25 ;736;Ponte na Av. Politecnica com a Rua Jorge Waard, no Rio Pequeno.;N
01/01/1974;28/12/2019;2194;Rede Básica;06 - ALTO TIÊTE;UARE04550;Ativo;12/07/2017;14:00;Nitrogênio Total;;36.40;mg/L;3- Químicos;Córrego do Jaguaré - UARE;Rio (Lótico);Classe 4;SÃO PAULO;SP;01/01/2012;;23 34 03 ;46 45 25 ;736;Ponte na Av. Politecnica com a Rua Jorge Waard, no Rio Pequeno.;N
01/01/1974;28/12/2019;2194;Rede Básica;06 - ALTO TIÊTE;UARE04550;Ativo;13/09/2017;14:40;Nitrogênio Total;;42.20;mg/L;3- Químicos;Córrego do Jaguaré - UARE;Rio (Lótico);Classe 4;SÃO PAULO;SP;01/01/2012;;23 34 03 ;46 45 25 ;736;Ponte na Av. Politecnica com a Rua Jorge Waard, no Rio Pequeno.;N
01/01/1974;28/12/2019;2194;Rede Básica;06 - ALTO TIÊTE;UARE04550;Ativo;29/11/2017;09:20;Nitrogênio Total;;24.00;mg/L;3- Químicos;Córrego do Jaguaré - UARE;Rio (Lótico);Classe 4;SÃO PAULO;SP;01/01/2012;;23 34 03 ;46 45 25 ;736;Ponte na Av. Politecnica com a Rua Jorge Waard, no Rio Pequeno.;N
01/01/1974;28/12/2019;2194;Rede Básica;06 - ALTO TIÊTE;UARE04550;Ativo;23/01/2018;10:00;Nitrogênio Total;;26.00;mg/L;3- Químicos;Córrego do Jaguaré - UARE;Rio (Lótico);Classe 4;SÃO PAULO;SP;01/01/2012;;23 34 03 ;46 45 25 ;736;Ponte na Av. Politecnica com a Rua Jorge Waard, no Rio Pequeno.;N
01/01/1974;28/12/2019;2194;Rede Básica;06 - ALTO TIÊTE;UARE04550;Ativo;07/03/2018;13:52;Nitrogênio Total;;32.10;mg/L;3- Químicos;Córrego do Jaguaré - UARE;Rio (Lótico);Classe 4;SÃO PAULO;SP;01/01/2012;;23 34 03 ;46 45 25 ;736;Ponte na Av. Politecnica com a Rua Jorge Waard, no Rio Pequeno.;N
01/01/1974;28/12/2019;2194;Rede Básica;06 - ALTO TIÊTE;UARE04550;Ativo;17/05/2018;14:36;Nitrogênio Total;;39.10;mg/L;3- Químicos;Córrego do Jaguaré - UARE;Rio (Lótico);Classe 4;SÃO PAULO;SP;01/01/2012;;23 34 03 ;46 45 25 ;736;Ponte na Av. Politecnica com a Rua Jorge Waard, no Rio Pequeno.;N
01/01/1974;28/12/2019;2194;Rede Básica;06 - ALTO TIÊTE;UARE04550;Ativo;04/07/2018;09:09;Nitrogênio Total;;31.00;mg/L;3- Químicos;Córrego do Jaguaré - UARE;Rio (Lótico);Classe 4;SÃO PAULO;SP;01/01/2012;;23 34 03 ;46 45 25 ;736;Ponte na Av. Politecnica com a Rua Jorge Waard, no Rio Pequeno.;N
01/01/1974;28/12/2019;2194;Rede Básica;06 - ALTO TIÊTE;UARE04550;Ativo;12/09/2018;14:40;Nitrogênio Total;;45.50;mg/L;3- Químicos;Córrego do Jaguaré - UARE;Rio (Lótico);Classe 4;SÃO PAULO;SP;01/01/2012;;23 34 03 ;46 45 25 ;736;Ponte na Av. Politecnica com a Rua Jorge Waard, no Rio Pequeno.;N
01/01/1974;28/12/2019;2194;Rede Básica;06 - ALTO TIÊTE;UARE04550;Ativo;22/11/2018;14:36;Nitrogênio Total;;37.30;mg/L;3- Químicos;Córrego do Jaguaré - UARE;Rio (Lótico);Classe 4;SÃO PAULO;SP;01/01/2012;;23 34 03 ;46 45 25 ;736;Ponte na Av. Politecnica com a Rua Jorge Waard, no Rio Pequeno.;N
01/01/1974;28/12/2019;2194;Rede Básica;06 - ALTO TIÊTE;UARE04550;Ativo;03/01/2019;10:35;Nitrogênio Total;;21.80;mg/L;3- Químicos;Córrego do Jaguaré - UARE;Rio (Lótico);Classe 4;SÃO PAULO;SP;01/01/2012;;23 34 03 ;46 45 25 ;736;Ponte na Av. Politecnica com a Rua Jorge Waard, no Rio Pequeno.;N
01/01/1974;28/12/2019;2194;Rede Básica;06 - ALTO TIÊTE;UARE04550;Ativo;13/03/2019;10:09;Nitrogênio Total;;17.80;mg/L;3- Químicos;Córrego do Jaguaré - UARE;Rio (Lótico);Classe 4;SÃO PAULO;SP;01/01/2012;;23 34 03 ;46 45 25 ;736;Ponte na Av. Politecnica com a Rua Jorge Waard, no Rio Pequeno.;N
01/01/1974;28/12/2019;796;Rede Básica;02 - PARAIBA DO SUL;UNNA02800;Ativo;29/08/2018;09:45;Nitrogênio Total;;0.43;mg/L;3- Químicos;Rio Una - UGRHI 02 - UNNA;Rio (Lótico);Classe 2;TAUBATE;SP;01/01/2005;;23 01 49 ;45 30 26 ;580;Na captação da SABESP de Taubaté.;S
01/01/1974;28/12/2019;2088;Rede Básica;06 - ALTO TIÊTE;VEME04250;Ativo;27/01/2016;09:16;Nitrogênio Total;;2.75;mg/L;3- Químicos;Ribeirão Vermelho ou Mutinga - VEME;Rio (Lótico);Classe 4;SÃO PAULO;SP;26/04/2010;;23 27 50 ;46 45 15 ;756;NA ALDEIA INDÍGENA JARAGUÁ, A JUSANTE DO LAGO DO PARQUE DO JARAGUÁ;N
01/01/1974;28/12/2019;2088;Rede Básica;06 - ALTO TIÊTE;VEME04250;Ativo;16/03/2016;16:20;Nitrogênio Total;;3.03;mg/L;3- Químicos;Ribeirão Vermelho ou Mutinga - VEME;Rio (Lótico);Classe 4;SÃO PAULO;SP;26/04/2010;;23 27 50 ;46 45 15 ;756;NA ALDEIA INDÍGENA JARAGUÁ, A JUSANTE DO LAGO DO PARQUE DO JARAGUÁ;N
01/01/1974;28/12/2019;2088;Rede Básica;06 - ALTO TIÊTE;VEME04250;Ativo;05/05/2016;14:46;Nitrogênio Total;;4.09;mg/L;3- Químicos;Ribeirão Vermelho ou Mutinga - VEME;Rio (Lótico);Classe 4;SÃO PAULO;SP;26/04/2010;;23 27 50 ;46 45 15 ;756;NA ALDEIA INDÍGENA JARAGUÁ, A JUSANTE DO LAGO DO PARQUE DO JARAGUÁ;N
01/01/1974;28/12/2019;2088;Rede Básica;06 - ALTO TIÊTE;VEME04250;Ativo;27/07/2016;14:55;Nitrogênio Total;;2.13;mg/L;3- Químicos;Ribeirão Vermelho ou Mutinga - VEME;Rio (Lótico);Classe 4;SÃO PAULO;SP;26/04/2010;;23 27 50 ;46 45 15 ;756;NA ALDEIA INDÍGENA JARAGUÁ, A JUSANTE DO LAGO DO PARQUE DO JARAGUÁ;N
01/01/1974;28/12/2019;2088;Rede Básica;06 - ALTO TIÊTE;VEME04250;Ativo;15/09/2016;14:43;Nitrogênio Total;;2.56;mg/L;3- Químicos;Ribeirão Vermelho ou Mutinga - VEME;Rio (Lótico);Classe 4;SÃO PAULO;SP;26/04/2010;;23 27 50 ;46 45 15 ;756;NA ALDEIA INDÍGENA JARAGUÁ, A JUSANTE DO LAGO DO PARQUE DO JARAGUÁ;N
01/01/1974;28/12/2019;2088;Rede Básica;06 - ALTO TIÊTE;VEME04250;Ativo;23/11/2016;15:00;Nitrogênio Total;;1.88;mg/L;3- Químicos;Ribeirão Vermelho ou Mutinga - VEME;Rio (Lótico);Classe 4;SÃO PAULO;SP;26/04/2010;;23 27 50 ;46 45 15 ;756;NA ALDEIA INDÍGENA JARAGUÁ, A JUSANTE DO LAGO DO PARQUE DO JARAGUÁ;N
01/01/1974;28/12/2019;2088;Rede Básica;06 - ALTO TIÊTE;VEME04250;Ativo;18/01/2017;14:38;Nitrogênio Total;;2.52;mg/L;3- Químicos;Ribeirão Vermelho ou Mutinga - VEME;Rio (Lótico);Classe 4;SÃO PAULO;SP;26/04/2010;;23 27 50 ;46 45 15 ;756;NA ALDEIA INDÍGENA JARAGUÁ, A JUSANTE DO LAGO DO PARQUE DO JARAGUÁ;N
01/01/1974;28/12/2019;2088;Rede Básica;06 - ALTO TIÊTE;VEME04250;Ativo;23/03/2017;13:11;Nitrogênio Total;;2.92;mg/L;3- Químicos;Ribeirão Vermelho ou Mutinga - VEME;Rio (Lótico);Classe 4;SÃO PAULO;SP;26/04/2010;;23 27 50 ;46 45 15 ;756;NA ALDEIA INDÍGENA JARAGUÁ, A JUSANTE DO LAGO DO PARQUE DO JARAGUÁ;N
01/01/1974;28/12/2019;2088;Rede Básica;06 - ALTO TIÊTE;VEME04250;Ativo;04/05/2017;13:42;Nitrogênio Total;;2.80;mg/L;3- Químicos;Ribeirão Vermelho ou Mutinga - VEME;Rio (Lótico);Classe 4;SÃO PAULO;SP;26/04/2010;;23 27 50 ;46 45 15 ;756;NA ALDEIA INDÍGENA JARAGUÁ, A JUSANTE DO LAGO DO PARQUE DO JARAGUÁ;N
01/01/1974;28/12/2019;2088;Rede Básica;06 - ALTO TIÊTE;VEME04250;Ativo;26/07/2017;16:05;Nitrogênio Total;;1.74;mg/L;3- Químicos;Ribeirão Vermelho ou Mutinga - VEME;Rio (Lótico);Classe 4;SÃO PAULO;SP;26/04/2010;;23 27 50 ;46 45 15 ;756;NA ALDEIA INDÍGENA JARAGUÁ, A JUSANTE DO LAGO DO PARQUE DO JARAGUÁ;N
01/01/1974;28/12/2019;2088;Rede Básica;06 - ALTO TIÊTE;VEME04250;Ativo;05/09/2017;09:40;Nitrogênio Total;;2.62;mg/L;3- Químicos;Ribeirão Vermelho ou Mutinga - VEME;Rio (Lótico);Classe 4;SÃO PAULO;SP;26/04/2010;;23 27 50 ;46 45 15 ;756;NA ALDEIA INDÍGENA JARAGUÁ, A JUSANTE DO LAGO DO PARQUE DO JARAGUÁ;N
01/01/1974;28/12/2019;2088;Rede Básica;06 - ALTO TIÊTE;VEME04250;Ativo;22/11/2017;16:20;Nitrogênio Total;;1.90;mg/L;3- Químicos;Ribeirão Vermelho ou Mutinga - VEME;Rio (Lótico);Classe 4;SÃO PAULO;SP;26/04/2010;;23 27 50 ;46 45 15 ;756;NA ALDEIA INDÍGENA JARAGUÁ, A JUSANTE DO LAGO DO PARQUE DO JARAGUÁ;N
01/01/1974;28/12/2019;2088;Rede Básica;06 - ALTO TIÊTE;VEME04250;Ativo;17/01/2018;14:24;Nitrogênio Total;;1.69;mg/L;3- Químicos;Ribeirão Vermelho ou Mutinga - VEME;Rio (Lótico);Classe 4;SÃO PAULO;SP;26/04/2010;;23 27 50 ;46 45 15 ;756;NA ALDEIA INDÍGENA JARAGUÁ, A JUSANTE DO LAGO DO PARQUE DO JARAGUÁ;N
01/01/1974;28/12/2019;2088;Rede Básica;06 - ALTO TIÊTE;VEME04250;Ativo;22/03/2018;11:42;Nitrogênio Total;;1.54;mg/L;3- Químicos;Ribeirão Vermelho ou Mutinga - VEME;Rio (Lótico);Classe 4;SÃO PAULO;SP;26/04/2010;;23 27 50 ;46 45 15 ;756;NA ALDEIA INDÍGENA JARAGUÁ, A JUSANTE DO LAGO DO PARQUE DO JARAGUÁ;N
01/01/1974;28/12/2019;2088;Rede Básica;06 - ALTO TIÊTE;VEME04250;Ativo;16/05/2018;09:12;Nitrogênio Total;;2.59;mg/L;3- Químicos;Ribeirão Vermelho ou Mutinga - VEME;Rio (Lótico);Classe 4;SÃO PAULO;SP;26/04/2010;;23 27 50 ;46 45 15 ;756;NA ALDEIA INDÍGENA JARAGUÁ, A JUSANTE DO LAGO DO PARQUE DO JARAGUÁ;N
01/01/1974;28/12/2019;2088;Rede Básica;06 - ALTO TIÊTE;VEME04250;Ativo;25/07/2018;13:30;Nitrogênio Total;;2.50;mg/L;3- Químicos;Ribeirão Vermelho ou Mutinga - VEME;Rio (Lótico);Classe 4;SÃO PAULO;SP;26/04/2010;;23 27 50 ;46 45 15 ;756;NA ALDEIA INDÍGENA JARAGUÁ, A JUSANTE DO LAGO DO PARQUE DO JARAGUÁ;N
01/01/1974;28/12/2019;2088;Rede Básica;06 - ALTO TIÊTE;VEME04250;Ativo;05/09/2018;11:40;Nitrogênio Total;;3.41;mg/L;3- Químicos;Ribeirão Vermelho ou Mutinga - VEME;Rio (Lótico);Classe 4;SÃO PAULO;SP;26/04/2010;;23 27 50 ;46 45 15 ;756;NA ALDEIA INDÍGENA JARAGUÁ, A JUSANTE DO LAGO DO PARQUE DO JARAGUÁ;N
01/01/1974;28/12/2019;2088;Rede Básica;06 - ALTO TIÊTE;VEME04250;Ativo;21/11/2018;15:20;Nitrogênio Total;;2.85;mg/L;3- Químicos;Ribeirão Vermelho ou Mutinga - VEME;Rio (Lótico);Classe 4;SÃO PAULO;SP;26/04/2010;;23 27 50 ;46 45 15 ;756;NA ALDEIA INDÍGENA JARAGUÁ, A JUSANTE DO LAGO DO PARQUE DO JARAGUÁ;N
01/01/1974;28/12/2019;2088;Rede Básica;06 - ALTO TIÊTE;VEME04250;Ativo;30/01/2019;09:58;Nitrogênio Total;;4.03;mg/L;3- Químicos;Ribeirão Vermelho ou Mutinga - VEME;Rio (Lótico);Classe 4;SÃO PAULO;SP;26/04/2010;;23 27 50 ;46 45 15 ;756;NA ALDEIA INDÍGENA JARAGUÁ, A JUSANTE DO LAGO DO PARQUE DO JARAGUÁ;N
01/01/1974;28/12/2019;2655;Rede Básica;02 - PARAIBA DO SUL;VIDK04900;Ativo;08/08/2018;10:05;Nitrogênio Total;;3.73;mg/L;3- Químicos;Córrego do Vidoca - VIDK;Rio (Lótico);Classe 4;SÃO JOSÉ DOS CAMPOS;SP;01/01/2018;;23 11 18 ;45 54 57 ;563;Na ponte da Travessa Lineu de Moura, próxima da foz com o Rio Paraíba do Sul.;N
01/01/1974;28/12/2019;2655;Rede Básica;02 - PARAIBA DO SUL;VIDK04900;Ativo;08/10/2018;10:30;Nitrogênio Total;;4.48;mg/L;3- Químicos;Córrego do Vidoca - VIDK;Rio (Lótico);Classe 4;SÃO JOSÉ DOS CAMPOS;SP;01/01/2018;;23 11 18 ;45 54 57 ;563;Na ponte da Travessa Lineu de Moura, próxima da foz com o Rio Paraíba do Sul.;N
01/01/1974;28/12/2019;2196;Rede Básica;06 - ALTO TIÊTE;ZVUS04950;Ativo;28/01/2016;11:33;Nitrogênio Total;;20.90;mg/L;3- Químicos;Córrego Zavuvus - ZVUS;Rio (Lótico);Classe 4;SÃO PAULO;SP;01/01/2012;;23 40 35 ;46 42 04 ;715;Ponte em frente a entrada da Estação CPTM Jurubatuba;N
01/01/1974;28/12/2019;2196;Rede Básica;06 - ALTO TIÊTE;ZVUS04950;Ativo;30/03/2016;12:00;Nitrogênio Total;;29.80;mg/L;3- Químicos;Córrego Zavuvus - ZVUS;Rio (Lótico);Classe 4;SÃO PAULO;SP;01/01/2012;;23 40 35 ;46 42 04 ;715;Ponte em frente a entrada da Estação CPTM Jurubatuba;N
01/01/1974;28/12/2019;2196;Rede Básica;06 - ALTO TIÊTE;ZVUS04950;Ativo;19/05/2016;13:00;Nitrogênio Total;;21.10;mg/L;3- Químicos;Córrego Zavuvus - ZVUS;Rio (Lótico);Classe 4;SÃO PAULO;SP;01/01/2012;;23 40 35 ;46 42 04 ;715;Ponte em frente a entrada da Estação CPTM Jurubatuba;N
01/01/1974;28/12/2019;2196;Rede Básica;06 - ALTO TIÊTE;ZVUS04950;Ativo;13/07/2016;14:30;Nitrogênio Total;;45.20;mg/L;3- Químicos;Córrego Zavuvus - ZVUS;Rio (Lótico);Classe 4;SÃO PAULO;SP;01/01/2012;;23 40 35 ;46 42 04 ;715;Ponte em frente a entrada da Estação CPTM Jurubatuba;N
01/01/1974;28/12/2019;2196;Rede Básica;06 - ALTO TIÊTE;ZVUS04950;Ativo;14/09/2016;12:01;Nitrogênio Total;;42.00;mg/L;3- Químicos;Córrego Zavuvus - ZVUS;Rio (Lótico);Classe 4;SÃO PAULO;SP;01/01/2012;;23 40 35 ;46 42 04 ;715;Ponte em frente a entrada da Estação CPTM Jurubatuba;N
01/01/1974;28/12/2019;2196;Rede Básica;06 - ALTO TIÊTE;ZVUS04950;Ativo;29/11/2016;10:32;Nitrogênio Total;;19.70;mg/L;3- Químicos;Córrego Zavuvus - ZVUS;Rio (Lótico);Classe 4;SÃO PAULO;SP;01/01/2012;;23 40 35 ;46 42 04 ;715;Ponte em frente a entrada da Estação CPTM Jurubatuba;N
01/01/1974;28/12/2019;2196;Rede Básica;06 - ALTO TIÊTE;ZVUS04950;Ativo;26/01/2017;12:56;Nitrogênio Total;;36.40;mg/L;3- Químicos;Córrego Zavuvus - ZVUS;Rio (Lótico);Classe 4;SÃO PAULO;SP;01/01/2012;;23 40 35 ;46 42 04 ;715;Ponte em frente a entrada da Estação CPTM Jurubatuba;N
01/01/1974;28/12/2019;2196;Rede Básica;06 - ALTO TIÊTE;ZVUS04950;Ativo;30/03/2017;10:40;Nitrogênio Total;;29.30;mg/L;3- Químicos;Córrego Zavuvus - ZVUS;Rio (Lótico);Classe 4;SÃO PAULO;SP;01/01/2012;;23 40 35 ;46 42 04 ;715;Ponte em frente a entrada da Estação CPTM Jurubatuba;N
01/01/1974;28/12/2019;2196;Rede Básica;06 - ALTO TIÊTE;ZVUS04950;Ativo;18/05/2017;12:42;Nitrogênio Total;;32.60;mg/L;3- Químicos;Córrego Zavuvus - ZVUS;Rio (Lótico);Classe 4;SÃO PAULO;SP;01/01/2012;;23 40 35 ;46 42 04 ;715;Ponte em frente a entrada da Estação CPTM Jurubatuba;N
01/01/1974;28/12/2019;2196;Rede Básica;06 - ALTO TIÊTE;ZVUS04950;Ativo;12/07/2017;11:30;Nitrogênio Total;;29.20;mg/L;3- Químicos;Córrego Zavuvus - ZVUS;Rio (Lótico);Classe 4;SÃO PAULO;SP;01/01/2012;;23 40 35 ;46 42 04 ;715;Ponte em frente a entrada da Estação CPTM Jurubatuba;N
01/01/1974;28/12/2019;2196;Rede Básica;06 - ALTO TIÊTE;ZVUS04950;Ativo;13/09/2017;10:30;Nitrogênio Total;;24.80;mg/L;3- Químicos;Córrego Zavuvus - ZVUS;Rio (Lótico);Classe 4;SÃO PAULO;SP;01/01/2012;;23 40 35 ;46 42 04 ;715;Ponte em frente a entrada da Estação CPTM Jurubatuba;N
01/01/1974;28/12/2019;2196;Rede Básica;06 - ALTO TIÊTE;ZVUS04950;Ativo;29/11/2017;11:12;Nitrogênio Total;;33.50;mg/L;3- Químicos;Córrego Zavuvus - ZVUS;Rio (Lótico);Classe 4;SÃO PAULO;SP;01/01/2012;;23 40 35 ;46 42 04 ;715;Ponte em frente a entrada da Estação CPTM Jurubatuba;N
01/01/1974;28/12/2019;2196;Rede Básica;06 - ALTO TIÊTE;ZVUS04950;Ativo;23/01/2018;12:05;Nitrogênio Total;;21.10;mg/L;3- Químicos;Córrego Zavuvus - ZVUS;Rio (Lótico);Classe 4;SÃO PAULO;SP;01/01/2012;;23 40 35 ;46 42 04 ;715;Ponte em frente a entrada da Estação CPTM Jurubatuba;N
01/01/1974;28/12/2019;2196;Rede Básica;06 - ALTO TIÊTE;ZVUS04950;Ativo;07/03/2018;10:36;Nitrogênio Total;;25.30;mg/L;3- Químicos;Córrego Zavuvus - ZVUS;Rio (Lótico);Classe 4;SÃO PAULO;SP;01/01/2012;;23 40 35 ;46 42 04 ;715;Ponte em frente a entrada da Estação CPTM Jurubatuba;N
01/01/1974;28/12/2019;2196;Rede Básica;06 - ALTO TIÊTE;ZVUS04950;Ativo;17/05/2018;11:30;Nitrogênio Total;;32.60;mg/L;3- Químicos;Córrego Zavuvus - ZVUS;Rio (Lótico);Classe 4;SÃO PAULO;SP;01/01/2012;;23 40 35 ;46 42 04 ;715;Ponte em frente a entrada da Estação CPTM Jurubatuba;N
01/01/1974;28/12/2019;2196;Rede Básica;06 - ALTO TIÊTE;ZVUS04950;Ativo;04/07/2018;10:57;Nitrogênio Total;;29.00;mg/L;3- Químicos;Córrego Zavuvus - ZVUS;Rio (Lótico);Classe 4;SÃO PAULO;SP;01/01/2012;;23 40 35 ;46 42 04 ;715;Ponte em frente a entrada da Estação CPTM Jurubatuba;N
01/01/1974;28/12/2019;2196;Rede Básica;06 - ALTO TIÊTE;ZVUS04950;Ativo;12/09/2018;12:00;Nitrogênio Total;;34.40;mg/L;3- Químicos;Córrego Zavuvus - ZVUS;Rio (Lótico);Classe 4;SÃO PAULO;SP;01/01/2012;;23 40 35 ;46 42 04 ;715;Ponte em frente a entrada da Estação CPTM Jurubatuba;N
01/01/1974;28/12/2019;2196;Rede Básica;06 - ALTO TIÊTE;ZVUS04950;Ativo;22/11/2018;10:45;Nitrogênio Total;;26.40;mg/L;3- Químicos;Córrego Zavuvus - ZVUS;Rio (Lótico);Classe 4;SÃO PAULO;SP;01/01/2012;;23 40 35 ;46 42 04 ;715;Ponte em frente a entrada da Estação CPTM Jurubatuba;N
01/01/1974;28/12/2019;2196;Rede Básica;06 - ALTO TIÊTE;ZVUS04950;Ativo;03/01/2019;11:40;Nitrogênio Total;;25.10;mg/L;3- Químicos;Córrego Zavuvus - ZVUS;Rio (Lótico);Classe 4;SÃO PAULO;SP;01/01/2012;;23 40 35 ;46 42 04 ;715;Ponte em frente a entrada da Estação CPTM Jurubatuba;N
01/01/1974;28/12/2019;2196;Rede Básica;06 - ALTO TIÊTE;ZVUS04950;Ativo;13/03/2019;13:59;Nitrogênio Total;;20.80;mg/L;3- Químicos;Córrego Zavuvus - ZVUS;Rio (Lótico);Classe 4;SÃO PAULO;SP;01/01/2012;;23 40 35 ;46 42 04 ;715;Ponte em frente a entrada da Estação CPTM Jurubatuba;N
